set,n,gate_reject_rate,model_high_rate,model_conf_wrong_rate,model_high_accuracy,system_answer_rate,system_conf_wrong_rate,system_answer_accuracy
rocole_healthy,99,1.0,0.8182,0.8081,0.0123,0.0,0.0,
rocole_red_spider_mite,40,1.0,0.9,0.9,0.0,0.0,0.0,
rocole_rust_level_1,57,1.0,0.8596,0.1579,0.8163,0.0,0.0,
rocole_rust_level_2,28,1.0,0.8571,0.1071,0.875,0.0,0.0,
rocole_rust_level_3,10,1.0,0.9,0.0,1.0,0.0,0.0,
rocole_rust_level_4,5,1.0,0.8,0.2,0.75,0.0,0.0,
test_bg_clutter,202,1.0,0.9059,0.3911,0.5683,0.0,0.0,
test_bg_uniform,202,0.7921,0.9307,0.0545,0.9415,0.1832,0.0149,0.9189
test_blur_mild,202,1.0,0.9109,0.0891,0.9022,0.0,0.0,
test_blur_strong,202,1.0,0.802,0.2327,0.7099,0.0,0.0,
test_bright_dark,202,1.0,0.8713,0.0842,0.9034,0.0,0.0,
test_bright_light,202,0.995,0.9109,0.0545,0.9402,0.005,0.0,1.0
test_clean,202,0.0891,0.9406,0.0396,0.9579,0.8515,0.0248,0.9709
test_combined,202,1.0,0.8911,0.5198,0.4167,0.0,0.0,
test_contrast_high,202,0.8762,0.8861,0.0545,0.9385,0.104,0.0099,0.9048
test_contrast_low,202,1.0,0.9109,0.0594,0.9348,0.0,0.0,
test_jpeg_q12,202,0.0842,0.896,0.1139,0.8729,0.8267,0.104,0.8743
test_rotate15,202,0.1386,0.9356,0.0396,0.9577,0.8069,0.0248,0.9693
uganda_healthy,600,1.0,0.8967,0.1667,0.8141,0.0,0.0,
uganda_phoma,600,1.0,0.8917,0.8833,0.0093,0.0,0.0,
uganda_rust,600,1.0,0.93,0.0333,0.9642,0.0,0.0,
multi_clean,59,0.1525,0.7288,,,0.6271,,
val_clean,201,0.0398,0.9403,,,0.9005,,
