arch,seed,precision,params,onnx_fp32_MB,onnx_int8_MB,T,tau_hi,tau_lo,hi_reached_95,acc,macro_f1,nll_raw,nll_cal,ece_raw,ece_cal,mean_conf,mean_margin,acc_at_80cov,f1_ci_lo,f1_ci_hi,cov_hi,sel_acc_hi,cov_lo,sel_acc_lo,multi_abstain_rate_hi
efficientnet_b0,1,fp32,4013953,,,2.012395186217876,0.6269000172615051,0.38269999623298645,True,0.8910891089108911,0.880157224785006,0.347491055727005,0.24228370189666748,0.07887415661670194,0.04739610290173258,0.929398775100708,0.8779150247573853,0.9814814814814815,0.8270969979690174,0.9284660033120842,0.9158415841584159,0.9405405405405406,1.0,0.8910891089108911,0.27118644067796616
efficientnet_b0,2,fp32,4013953,,,1.8255486705908555,0.5598999857902527,0.3952000141143799,True,0.8861386138613861,0.863750514857311,0.41879525780677795,0.3100764751434326,0.07499104871018103,0.04785444624353162,0.909688413143158,0.8407115936279297,0.9629629629629629,0.8079858181042436,0.9124891913682407,0.9356435643564357,0.9153439153439153,0.995049504950495,0.8855721393034826,0.18644067796610164
efficientnet_b0,42,fp32,4013953,16.03,4.81,2.303677905571664,0.5094000101089478,0.34220001101493835,True,0.9356435643564357,0.9220385174783556,0.19216346740722656,0.17973749339580536,0.034780796211544826,0.044863303108970715,0.9081963300704956,0.8451758623123169,0.9938271604938271,0.8782091018415884,0.9610010652050149,0.9306930693069307,0.9627659574468085,0.995049504950495,0.9402985074626866,0.2033898305084746
efficientnet_b0,42,int8,4013953,16.03,4.81,2.3184519271007495,0.8033999800682068,0.6937000155448914,True,0.6633663366336634,0.6432388125907926,1.1375306844711304,0.9563174247741699,0.18177322866302906,0.09959699921678788,0.5904573798179626,0.37695199251174927,0.7345679012345679,0.580075179916467,0.7083992584096745,0.16831683168316833,0.8823529411764706,0.30198019801980197,0.8360655737704918,0.864406779661017
efficientnet_lite0,1,fp32,3377413,,,1.935774707477858,0.7299000024795532,0.35749998688697815,True,0.9207920792079208,0.900461790259705,0.3076443374156952,0.23899216949939728,0.04595822331928969,0.030216366052627577,0.914275050163269,0.8492909669876099,0.9691358024691358,0.8504266999574945,0.9446519518637239,0.8613861386138614,0.9655172413793104,1.0,0.9207920792079208,0.44067796610169496
efficientnet_lite0,2,fp32,3377413,,,1.3684697090189757,0.6060000061988831,0.36419999599456787,True,0.9108910891089109,0.8990274129653523,0.3383696973323822,0.3017072081565857,0.06941453758442755,0.052858847792785976,0.9131789803504944,0.84585040807724,0.9567901234567902,0.8488386717977467,0.9421650834290337,0.9455445544554455,0.9267015706806283,1.0,0.9108910891089109,0.23728813559322037
efficientnet_lite0,42,fp32,3377413,13.46,3.81,2.41015406677906,0.6104999780654907,0.37619999051094055,True,0.9306930693069307,0.9108871254551067,0.33712100982666016,0.25765618681907654,0.05784974608680993,0.04468257843267798,0.8898440599441528,0.8166447877883911,0.9753086419753086,0.8618531700540562,0.9514196572509135,0.8960396039603961,0.9558011049723757,0.9900990099009901,0.94,0.18644067796610164
efficientnet_lite0,42,int8,3377413,13.46,3.81,2.476586548518173,0.6208000183105469,0.33180001378059387,True,0.900990099009901,0.8767402452619842,0.3734487295150757,0.2731528580188751,0.06227865933191658,0.04226356139867612,0.8884327411651611,0.8167928457260132,0.9753086419753086,0.823056661292715,0.924592154660312,0.8811881188118812,0.9550561797752809,0.995049504950495,0.9054726368159204,0.15254237288135597
mobilenetv3_large_100,1,fp32,4208437,,,2.6610407913245457,0.7444999814033508,0.33570000529289246,True,0.9158415841584159,0.8985005538197027,0.402525395154953,0.24280405044555664,0.06922604246894914,0.050542265324309346,0.9157862663269043,0.8528061509132385,0.9629629629629629,0.849268792789348,0.9399361344062551,0.8663366336633663,0.9657142857142857,1.0,0.9158415841584159,0.47457627118644063
mobilenetv3_large_100,2,fp32,4208437,,,2.8065839482816144,0.6241000294685364,0.46700000762939453,True,0.9158415841584159,0.9015921226476342,0.3236510157585144,0.22261004149913788,0.06521844111456732,0.05965766723793331,0.9026540517807007,0.8323891758918762,0.9753086419753086,0.8550706379377193,0.9411815650184662,0.900990099009901,0.945054945054945,0.995049504950495,0.9203980099502488,0.2542372881355932
mobilenetv3_large_100,42,fp32,4208437,16.82,4.68,2.847372516035078,0.5896999835968018,0.30149999260902405,True,0.9207920792079208,0.8991928511324234,0.32702893018722534,0.21918869018554688,0.048848578245332896,0.029233011573848142,0.9077484607696533,0.8444222807884216,0.9876543209876543,0.8468708434065961,0.9423237463589351,0.9158415841584159,0.9513513513513514,1.0,0.9207920792079208,0.2033898305084746
mobilenetv3_large_100,42,int8,4208437,16.82,4.68,2.4294940669761336,0.7730000019073486,0.46399998664855957,True,0.8168316831683168,0.8020625115752089,0.617882490158081,0.4469512403011322,0.11922969145349936,0.025535685738714637,0.8213443756103516,0.6999925374984741,0.8950617283950617,0.747910476367813,0.8560805468630069,0.6386138613861386,0.9534883720930233,0.9603960396039604,0.8298969072164949,0.4915254237288136
mobilenetv3_small_100,1,fp32,1522981,,,1.4942582231307737,0.4959999918937683,0.4959999918937683,True,0.9554455445544554,0.9447490575744665,0.16726043820381165,0.1426897495985031,0.026554233071827617,0.020163172837531176,0.9562652707099915,0.9189415574073792,0.9876543209876543,0.905103624187009,0.976502274748146,0.9851485148514851,0.9597989949748744,0.995049504950495,0.9601990049751243,0.13559322033898302
mobilenetv3_small_100,2,fp32,1522981,,,2.040545229111269,0.7404999732971191,0.4198000133037567,True,0.8811881188118812,0.8689573563691211,0.42240822315216064,0.29735058546066284,0.08119727966218893,0.06158922538898958,0.9054965972900391,0.8311741948127747,0.9506172839506173,0.8154610989385286,0.9126132858689883,0.8465346534653465,0.9298245614035088,0.9900990099009901,0.89,0.44067796610169496
mobilenetv3_small_100,42,fp32,1522981,6.1,1.84,2.185330525773308,0.6151999831199646,0.4097999930381775,True,0.9257425742574258,0.9039308060360692,0.22844696044921875,0.18251438438892365,0.04738216943079885,0.02646624953439918,0.9240132570266724,0.8705130219459534,0.9814814814814815,0.8514565333125675,0.9425321275642307,0.9356435643564357,0.9629629629629629,1.0,0.9257425742574258,0.30508474576271183
mobilenetv3_small_100,42,int8,1522981,6.1,1.84,1.840783958394638,0.8224999904632568,0.6549000144004822,True,0.7376237623762376,0.6804101253498844,0.8301043510437012,0.6981374621391296,0.12303667080284345,0.05338925890403219,0.7302143573760986,0.5532958507537842,0.808641975308642,0.6155876569944437,0.7410067703545975,0.3712871287128713,0.92,0.6287128712871287,0.8503937007874016,0.728813559322034
