arch,seed,precision,T,tau_hi,tau_lo,acc,macro_f1,ece_cal,acc_at_80cov,cov_hi,sel_acc_hi,robust_macro_f1,combined_f1,bg_clutter_f1,bg_uniform_f1,perturbed_conf_wrong_rate
mobilenetv3_small_100,42,fp32,1.2323655104591174,0.5263000130653381,0.3409000039100647,0.8762376237623762,0.8611274379680376,0.05259758750400918,0.9691358024691358,0.9554455445544554,0.9067357512953368,0.8400955975710229,0.8109471125260599,0.8493188367969943,0.8693415365960995,0.10247524752475248
mobilenetv3_small_100,1,fp32,1.462271337597212,0.7487000226974487,0.43549999594688416,0.9306930693069307,0.9239739358551239,0.0346508816917344,0.9814814814814815,0.8613861386138614,0.9597701149425287,0.8699050930246518,0.8126715535991214,0.889448731567076,0.9249275726995739,0.03514851485148515
mobilenetv3_small_100,2,fp32,1.5991518230732829,0.6315000057220459,0.39640000462532043,0.9306930693069307,0.9193126023387788,0.028526626748613764,0.9876543209876543,0.8910891089108911,0.9611111111111111,0.8644009187784156,0.784762248879896,0.9011925333280881,0.9029159637483914,0.052970297029702976
mobilenetv3_large_100,42,fp32,2.1964898212319457,0.6241999864578247,0.3361000120639801,0.9207920792079208,0.900412040072369,0.043578790556086204,0.9938271604938271,0.9207920792079208,0.9516129032258065,0.875887705439564,0.802402322448194,0.9076581571765816,0.9000379055585623,0.04504950495049503
mobilenetv3_large_100,1,fp32,2.1137515044612774,0.7020999789237976,0.3605000078678131,0.9356435643564357,0.9249031881496513,0.040777677504142934,0.9814814814814815,0.8910891089108911,0.9611111111111111,0.8733198546636537,0.7991707052032047,0.8900705570090155,0.8899942571168479,0.03465346534653464
mobilenetv3_large_100,2,fp32,2.072179645828128,0.5978000164031982,0.38679999113082886,0.9257425742574258,0.9117245911982754,0.03501544346903811,0.9876543209876543,0.9554455445544554,0.9533678756476683,0.8800918775681408,0.747374150032902,0.9102740472542681,0.9063391910675808,0.05198019801980197
efficientnet_b0,42,fp32,2.0341823406658013,0.5978999733924866,0.29739999771118164,0.8960396039603961,0.8550353474723223,0.03449807559499649,0.9567901234567902,0.8910891089108911,0.9333333333333333,0.7993275837749183,0.7519840468931164,0.8672520054027526,0.8179926344060082,0.06138613861386137
efficientnet_b0,1,fp32,1.8345291905569878,0.7851999998092651,0.31119999289512634,0.9405940594059405,0.9284275073195261,0.03678985235124529,0.9753086419753086,0.8762376237623762,0.9717514124293786,0.8947811787860751,0.8317661362709098,0.9206324696910446,0.9181754344805719,0.022277227722772283
efficientnet_b0,2,fp32,1.742937345656038,0.5931000113487244,0.42239999771118164,0.9108910891089109,0.8897206376635813,0.031937340403547364,0.9753086419753086,0.9405940594059405,0.9368421052631579,0.8358594915609968,0.714591015632478,0.8878160368795491,0.8978280802461109,0.07079207920792081
efficientnet_lite0,42,fp32,1.5957531300120622,0.5619999766349792,0.38600000739097595,0.9158415841584159,0.8942175831790318,0.0390353154132862,0.9814814814814815,0.900990099009901,0.967032967032967,0.8481458273388846,0.7931744494509616,0.8952052032988549,0.8715059900390362,0.06138613861386137
efficientnet_lite0,1,fp32,1.2489638606211104,0.6061999797821045,0.35530000925064087,0.9306930693069307,0.9134953007967177,0.041864419042473976,0.9814814814814815,0.9405940594059405,0.9473684210526315,0.8513666271670992,0.7839209661252128,0.8960661043793114,0.8637260345467366,0.0673267326732673
efficientnet_lite0,2,fp32,1.5977760525332843,0.7267000079154968,0.382099986076355,0.9455445544554455,0.9372690272690273,0.03923746589386818,0.9814814814814815,0.8811881188118812,0.9719101123595506,0.8317616941534427,0.6939333386168034,0.9328070805122767,0.8960331607390432,0.025742574257425755
