arch,seed,precision,class,precision_,recall,f1,support
efficientnet_b0,1,fp32,healthy,1.0,1.0,1.0,22
efficientnet_b0,1,fp32,miner,0.7777777777777778,0.9210526315789473,0.8433734939759037,38
efficientnet_b0,1,fp32,rust,0.9411764705882353,0.927536231884058,0.9343065693430657,69
efficientnet_b0,1,fp32,phoma,0.9772727272727273,0.8269230769230769,0.8958333333333334,52
efficientnet_b0,1,fp32,cercospora,0.6956521739130435,0.7619047619047619,0.7272727272727273,21
efficientnet_b0,2,fp32,healthy,0.9545454545454546,0.9545454545454546,0.9545454545454546,22
efficientnet_b0,2,fp32,miner,0.8378378378378378,0.8157894736842105,0.8266666666666667,38
efficientnet_b0,2,fp32,rust,0.8873239436619719,0.9130434782608695,0.9,69
efficientnet_b0,2,fp32,phoma,0.9803921568627451,0.9615384615384616,0.970873786407767,52
efficientnet_b0,2,fp32,cercospora,0.6666666666666666,0.6666666666666666,0.6666666666666666,21
efficientnet_b0,42,fp32,healthy,0.9565217391304348,1.0,0.9777777777777777,22
efficientnet_b0,42,fp32,miner,0.9444444444444444,0.8947368421052632,0.918918918918919,38
efficientnet_b0,42,fp32,rust,0.9420289855072463,0.9420289855072463,0.9420289855072463,69
efficientnet_b0,42,fp32,phoma,0.9807692307692307,0.9807692307692307,0.9807692307692307,52
efficientnet_b0,42,fp32,cercospora,0.7727272727272727,0.8095238095238095,0.7906976744186046,21
efficientnet_b0,42,int8,healthy,0.6774193548387096,0.9545454545454546,0.7924528301886793,22
efficientnet_b0,42,int8,miner,0.8461538461538461,0.2894736842105263,0.43137254901960786,38
efficientnet_b0,42,int8,rust,0.8103448275862069,0.6811594202898551,0.7401574803149606,69
efficientnet_b0,42,int8,phoma,0.9487179487179487,0.7115384615384616,0.8131868131868132,52
efficientnet_b0,42,int8,cercospora,0.29508196721311475,0.8571428571428571,0.43902439024390244,21
efficientnet_lite0,1,fp32,healthy,0.9565217391304348,1.0,0.9777777777777777,22
efficientnet_lite0,1,fp32,miner,0.8181818181818182,0.9473684210526315,0.8780487804878049,38
efficientnet_lite0,1,fp32,rust,0.9428571428571428,0.9565217391304348,0.9496402877697842,69
efficientnet_lite0,1,fp32,phoma,1.0,0.9230769230769231,0.96,52
efficientnet_lite0,1,fp32,cercospora,0.8235294117647058,0.6666666666666666,0.7368421052631579,21
efficientnet_lite0,2,fp32,healthy,0.88,1.0,0.9361702127659575,22
efficientnet_lite0,2,fp32,miner,0.8378378378378378,0.8157894736842105,0.8266666666666667,38
efficientnet_lite0,2,fp32,rust,0.9411764705882353,0.927536231884058,0.9343065693430657,69
efficientnet_lite0,2,fp32,phoma,0.98,0.9423076923076923,0.9607843137254902,52
efficientnet_lite0,2,fp32,cercospora,0.8181818181818182,0.8571428571428571,0.8372093023255814,21
efficientnet_lite0,42,fp32,healthy,0.9166666666666666,1.0,0.9565217391304348,22
efficientnet_lite0,42,fp32,miner,0.8717948717948718,0.8947368421052632,0.8831168831168831,38
efficientnet_lite0,42,fp32,rust,0.9444444444444444,0.9855072463768116,0.9645390070921985,69
efficientnet_lite0,42,fp32,phoma,0.98,0.9423076923076923,0.9607843137254902,52
efficientnet_lite0,42,fp32,cercospora,0.8823529411764706,0.7142857142857143,0.7894736842105263,21
efficientnet_lite0,42,int8,healthy,0.9166666666666666,1.0,0.9565217391304348,22
efficientnet_lite0,42,int8,miner,0.8,0.8421052631578947,0.8205128205128205,38
efficientnet_lite0,42,int8,rust,0.9066666666666666,0.9855072463768116,0.9444444444444444,69
efficientnet_lite0,42,int8,phoma,0.9791666666666666,0.9038461538461539,0.94,52
efficientnet_lite0,42,int8,cercospora,0.8666666666666667,0.6190476190476191,0.7222222222222222,21
mobilenetv3_large_100,1,fp32,healthy,1.0,1.0,1.0,22
mobilenetv3_large_100,1,fp32,miner,0.8372093023255814,0.9473684210526315,0.8888888888888888,38
mobilenetv3_large_100,1,fp32,rust,0.9166666666666666,0.9565217391304348,0.9361702127659575,69
mobilenetv3_large_100,1,fp32,phoma,1.0,0.9038461538461539,0.9494949494949495,52
mobilenetv3_large_100,1,fp32,cercospora,0.7777777777777778,0.6666666666666666,0.717948717948718,21
mobilenetv3_large_100,2,fp32,healthy,1.0,0.9545454545454546,0.9767441860465116,22
mobilenetv3_large_100,2,fp32,miner,0.868421052631579,0.868421052631579,0.868421052631579,38
mobilenetv3_large_100,2,fp32,rust,0.9402985074626866,0.9130434782608695,0.9264705882352942,69
mobilenetv3_large_100,2,fp32,phoma,0.9807692307692307,0.9807692307692307,0.9807692307692307,52
mobilenetv3_large_100,2,fp32,cercospora,0.7083333333333334,0.8095238095238095,0.7555555555555555,21
mobilenetv3_large_100,42,fp32,healthy,0.9565217391304348,1.0,0.9777777777777777,22
mobilenetv3_large_100,42,fp32,miner,0.9428571428571428,0.868421052631579,0.9041095890410958,38
mobilenetv3_large_100,42,fp32,rust,0.9295774647887324,0.9565217391304348,0.9428571428571428,69
mobilenetv3_large_100,42,fp32,phoma,0.9272727272727272,0.9807692307692307,0.9532710280373832,52
mobilenetv3_large_100,42,fp32,cercospora,0.7777777777777778,0.6666666666666666,0.717948717948718,21
mobilenetv3_large_100,42,int8,healthy,0.88,1.0,0.9361702127659575,22
mobilenetv3_large_100,42,int8,miner,0.6521739130434783,0.7894736842105263,0.7142857142857143,38
mobilenetv3_large_100,42,int8,rust,0.9818181818181818,0.782608695652174,0.8709677419354839,69
mobilenetv3_large_100,42,int8,phoma,0.9361702127659575,0.8461538461538461,0.8888888888888888,52
mobilenetv3_large_100,42,int8,cercospora,0.5172413793103449,0.7142857142857143,0.6,21
mobilenetv3_small_100,1,fp32,healthy,1.0,1.0,1.0,22
mobilenetv3_small_100,1,fp32,miner,0.9024390243902439,0.9736842105263158,0.9367088607594937,38
mobilenetv3_small_100,1,fp32,rust,0.9444444444444444,0.9855072463768116,0.9645390070921985,69
mobilenetv3_small_100,1,fp32,phoma,1.0,0.9615384615384616,0.9803921568627451,52
mobilenetv3_small_100,1,fp32,cercospora,0.9411764705882353,0.7619047619047619,0.8421052631578947,21
mobilenetv3_small_100,2,fp32,healthy,0.9545454545454546,0.9545454545454546,0.9545454545454546,22
mobilenetv3_small_100,2,fp32,miner,0.8378378378378378,0.8157894736842105,0.8266666666666667,38
mobilenetv3_small_100,2,fp32,rust,0.9344262295081968,0.8260869565217391,0.8769230769230769,69
mobilenetv3_small_100,2,fp32,phoma,0.9807692307692307,0.9807692307692307,0.9807692307692307,52
mobilenetv3_small_100,2,fp32,cercospora,0.6,0.8571428571428571,0.7058823529411765,21
mobilenetv3_small_100,42,fp32,healthy,0.9565217391304348,1.0,0.9777777777777777,22
mobilenetv3_small_100,42,fp32,miner,0.9210526315789473,0.9210526315789473,0.9210526315789473,38
mobilenetv3_small_100,42,fp32,rust,0.9054054054054054,0.9710144927536232,0.9370629370629371,69
mobilenetv3_small_100,42,fp32,phoma,0.9615384615384616,0.9615384615384616,0.9615384615384616,52
mobilenetv3_small_100,42,fp32,cercospora,0.8666666666666667,0.6190476190476191,0.7222222222222222,21
mobilenetv3_small_100,42,int8,healthy,0.9130434782608695,0.9545454545454546,0.9333333333333333,22
mobilenetv3_small_100,42,int8,miner,0.5333333333333333,0.631578947368421,0.5783132530120482,38
mobilenetv3_small_100,42,int8,rust,0.7411764705882353,0.9130434782608695,0.8181818181818182,69
mobilenetv3_small_100,42,int8,phoma,0.9736842105263158,0.7115384615384616,0.8222222222222222,52
mobilenetv3_small_100,42,int8,cercospora,0.36363636363636365,0.19047619047619047,0.25,21
