arch,seed,precision,perturbation,acc,macro_f1,cov_hi,sel_acc_hi
efficientnet_b0,1,fp32,blur_mild,0.801980198019802,0.7244877344877345,0.8415841584158416,0.8764705882352941
efficientnet_b0,1,fp32,blur_strong,0.5198019801980198,0.4279701314133004,0.09405940594059406,0.9473684210526315
efficientnet_b0,1,fp32,bright_dark,0.8316831683168316,0.8074495930135027,0.8514851485148515,0.9186046511627907
efficientnet_b0,1,fp32,bright_light,0.801980198019802,0.783432030932031,0.7920792079207921,0.89375
efficientnet_b0,1,fp32,contrast_low,0.905940594059406,0.8876492907006585,0.900990099009901,0.9230769230769231
efficientnet_b0,1,fp32,contrast_high,0.806930693069307,0.7805483624432654,0.8564356435643564,0.8728323699421965
efficientnet_b0,1,fp32,jpeg_q12,0.6435643564356436,0.5661898612992108,0.45544554455445546,0.8804347826086957
efficientnet_b0,1,fp32,rotate15,0.9108910891089109,0.8882234861874311,0.9405940594059405,0.9421052631578948
efficientnet_b0,1,fp32,bg_clutter,0.6881188118811881,0.6483215823014209,0.7623762376237624,0.7532467532467533
efficientnet_b0,1,fp32,combined,0.26732673267326734,0.20571270072414238,0.39603960396039606,0.2875
efficientnet_b0,2,fp32,blur_mild,0.6584158415841584,0.4780437820214253,0.9108910891089109,0.6739130434782609
efficientnet_b0,2,fp32,blur_strong,0.4603960396039604,0.30262204838476026,0.7821782178217822,0.4936708860759494
efficientnet_b0,2,fp32,bright_dark,0.7722772277227723,0.7303842266027061,0.8960396039603961,0.8066298342541437
efficientnet_b0,2,fp32,bright_light,0.6584158415841584,0.6857471444218433,0.8465346534653465,0.7134502923976608
efficientnet_b0,2,fp32,contrast_low,0.8910891089108911,0.873557857291369,0.9504950495049505,0.9114583333333334
efficientnet_b0,2,fp32,contrast_high,0.8168316831683168,0.774373701309916,0.8910891089108911,0.8611111111111112
efficientnet_b0,2,fp32,jpeg_q12,0.46534653465346537,0.34870823997854217,0.7326732673267327,0.5337837837837838
efficientnet_b0,2,fp32,rotate15,0.8861386138613861,0.8696352085795478,0.9455445544554455,0.900523560209424
efficientnet_b0,2,fp32,bg_clutter,0.6237623762376238,0.5589233924970619,0.8316831683168316,0.6904761904761905
efficientnet_b0,2,fp32,combined,0.2722772277227723,0.1840031998419683,0.5445544554455446,0.2909090909090909
efficientnet_b0,42,fp32,blur_mild,0.7722772277227723,0.693431742636149,0.8564356435643564,0.8554913294797688
efficientnet_b0,42,fp32,blur_strong,0.41089108910891087,0.23098785742264,0.5693069306930693,0.5478260869565217
efficientnet_b0,42,fp32,bright_dark,0.8465346534653465,0.7861956050025644,0.8811881188118812,0.8932584269662921
efficientnet_b0,42,fp32,bright_light,0.8910891089108911,0.8680934151007144,0.9356435643564357,0.9312169312169312
efficientnet_b0,42,fp32,contrast_low,0.8910891089108911,0.8611109878734103,0.9158415841584159,0.9297297297297298
efficientnet_b0,42,fp32,contrast_high,0.8712871287128713,0.8374778370437103,0.8861386138613861,0.9217877094972067
efficientnet_b0,42,fp32,jpeg_q12,0.6386138613861386,0.5181759465421647,0.6782178217821783,0.7518248175182481
efficientnet_b0,42,fp32,rotate15,0.9108910891089109,0.8826856436202231,0.9653465346534653,0.9282051282051282
efficientnet_b0,42,fp32,bg_clutter,0.7178217821782178,0.6879618460157857,0.7227722772277227,0.8424657534246576
efficientnet_b0,42,fp32,combined,0.4207920792079208,0.3093859764089122,0.3465346534653465,0.5571428571428572
efficientnet_b0,42,int8,blur_mild,0.5099009900990099,0.4489035471613304,0.024752475247524754,0.6
efficientnet_b0,42,int8,blur_strong,0.29207920792079206,0.26877470151479915,0.0049504950495049506,1.0
efficientnet_b0,42,int8,bright_dark,0.4405940594059406,0.3149931282323609,0.3217821782178218,0.676923076923077
efficientnet_b0,42,int8,bright_light,0.400990099009901,0.415763715833219,0.034653465346534656,0.8571428571428571
efficientnet_b0,42,int8,contrast_low,0.1782178217821782,0.1573132277152128,0.009900990099009901,0.5
efficientnet_b0,42,int8,contrast_high,0.47029702970297027,0.3844393085849102,0.3069306930693069,0.7903225806451613
efficientnet_b0,42,int8,jpeg_q12,0.36633663366336633,0.306892894948172,0.009900990099009901,0.0
efficientnet_b0,42,int8,rotate15,0.693069306930693,0.6543403431024151,0.2079207920792079,0.9523809523809523
efficientnet_b0,42,int8,bg_clutter,0.4207920792079208,0.3316388549789482,0.15346534653465346,0.6774193548387096
efficientnet_b0,42,int8,combined,0.32673267326732675,0.23342392374650442,0.07920792079207921,0.375
efficientnet_lite0,1,fp32,blur_mild,0.5099009900990099,0.36515292957493994,0.7128712871287128,0.5902777777777778
efficientnet_lite0,1,fp32,blur_strong,0.2722772277227723,0.11152743587804326,0.9702970297029703,0.2653061224489796
efficientnet_lite0,1,fp32,bright_dark,0.7524752475247525,0.6914696944173943,0.7920792079207921,0.84375
efficientnet_lite0,1,fp32,bright_light,0.8366336633663366,0.82052790346908,0.7475247524752475,0.9337748344370861
efficientnet_lite0,1,fp32,contrast_low,0.8613861386138614,0.8405779318795046,0.8366336633663366,0.9230769230769231
efficientnet_lite0,1,fp32,contrast_high,0.8613861386138614,0.8441749996981261,0.7326732673267327,0.9324324324324325
efficientnet_lite0,1,fp32,jpeg_q12,0.47029702970297027,0.40017073539484355,0.5841584158415841,0.5508474576271186
efficientnet_lite0,1,fp32,rotate15,0.9158415841584159,0.8891423190304618,0.8663366336633663,0.9485714285714286
efficientnet_lite0,1,fp32,bg_clutter,0.8168316831683168,0.7674686187398052,0.7079207920792079,0.9300699300699301
efficientnet_lite0,1,fp32,combined,0.3712871287128713,0.24896357939261043,0.45544554455445546,0.44565217391304346
efficientnet_lite0,2,fp32,blur_mild,0.5346534653465347,0.4847202424179994,0.8564356435643564,0.5838150289017341
efficientnet_lite0,2,fp32,blur_strong,0.4207920792079208,0.28090634034746553,0.6732673267326733,0.49264705882352944
efficientnet_lite0,2,fp32,bright_dark,0.7871287128712872,0.7333933378336708,0.8762376237623762,0.8587570621468926
efficientnet_lite0,2,fp32,bright_light,0.7623762376237624,0.7401655059206611,0.8168316831683168,0.8
efficientnet_lite0,2,fp32,contrast_low,0.8910891089108911,0.860150322012791,0.9207920792079208,0.9193548387096774
efficientnet_lite0,2,fp32,contrast_high,0.7376237623762376,0.6852762189493633,0.8267326732673267,0.7904191616766467
efficientnet_lite0,2,fp32,jpeg_q12,0.43564356435643564,0.36701774042950513,0.7673267326732673,0.4774193548387097
efficientnet_lite0,2,fp32,rotate15,0.8960396039603961,0.8814932360331831,0.905940594059406,0.9398907103825137
efficientnet_lite0,2,fp32,bg_clutter,0.7970297029702971,0.7639706102863999,0.8366336633663366,0.8698224852071006
efficientnet_lite0,2,fp32,combined,0.28217821782178215,0.22059920471685177,0.5643564356435643,0.34210526315789475
efficientnet_lite0,42,fp32,blur_mild,0.5792079207920792,0.5244028853224255,0.6485148514851485,0.6793893129770993
efficientnet_lite0,42,fp32,blur_strong,0.28217821782178215,0.13858974358974357,0.8465346534653465,0.30994152046783624
efficientnet_lite0,42,fp32,bright_dark,0.7871287128712872,0.7462215787337101,0.7871287128712872,0.8930817610062893
efficientnet_lite0,42,fp32,bright_light,0.6831683168316832,0.6953183979528651,0.7178217821782178,0.8206896551724138
efficientnet_lite0,42,fp32,contrast_low,0.8762376237623762,0.8341825775693689,0.8514851485148515,0.9244186046511628
efficientnet_lite0,42,fp32,contrast_high,0.8118811881188119,0.7784699258384336,0.7326732673267327,0.8716216216216216
efficientnet_lite0,42,fp32,jpeg_q12,0.6633663366336634,0.5971497584541063,0.47029702970297027,0.8210526315789474
efficientnet_lite0,42,fp32,rotate15,0.9108910891089109,0.8842351908701817,0.9108910891089109,0.9456521739130435
efficientnet_lite0,42,fp32,bg_clutter,0.8168316831683168,0.7751324980305361,0.7227722772277227,0.910958904109589
efficientnet_lite0,42,fp32,combined,0.2871287128712871,0.2630849134525605,0.1485148514851485,0.3333333333333333
efficientnet_lite0,42,int8,blur_mild,0.6584158415841584,0.587664206829534,0.6435643564356436,0.7615384615384615
efficientnet_lite0,42,int8,blur_strong,0.30198019801980197,0.19053296424781077,0.7524752475247525,0.34210526315789475
efficientnet_lite0,42,int8,bright_dark,0.7821782178217822,0.7411654077861022,0.698019801980198,0.9148936170212766
efficientnet_lite0,42,int8,bright_light,0.7722772277227723,0.7729327841933834,0.6584158415841584,0.9022556390977443
efficientnet_lite0,42,int8,contrast_low,0.8910891089108911,0.8509060434389569,0.8415841584158416,0.9647058823529412
efficientnet_lite0,42,int8,contrast_high,0.806930693069307,0.7675030753559521,0.7029702970297029,0.9014084507042254
efficientnet_lite0,42,int8,jpeg_q12,0.6584158415841584,0.5847658836989609,0.41089108910891087,0.8433734939759037
efficientnet_lite0,42,int8,rotate15,0.900990099009901,0.8675161959174187,0.905940594059406,0.9453551912568307
efficientnet_lite0,42,int8,bg_clutter,0.801980198019802,0.7549873602172852,0.7029702970297029,0.9295774647887324
efficientnet_lite0,42,int8,combined,0.27722772277227725,0.24997517970751054,0.11386138613861387,0.34782608695652173
mobilenetv3_large_100,1,fp32,blur_mild,0.8217821782178217,0.8068708142231081,0.6584158415841584,0.9548872180451128
mobilenetv3_large_100,1,fp32,blur_strong,0.5247524752475248,0.4500161379179133,0.22772277227722773,0.9782608695652174
mobilenetv3_large_100,1,fp32,bright_dark,0.8415841584158416,0.8256703296703296,0.7673267326732673,0.9161290322580645
mobilenetv3_large_100,1,fp32,bright_light,0.7821782178217822,0.773297481014518,0.6732673267326733,0.8823529411764706
mobilenetv3_large_100,1,fp32,contrast_low,0.8910891089108911,0.8684560428199269,0.806930693069307,0.9570552147239264
mobilenetv3_large_100,1,fp32,contrast_high,0.8415841584158416,0.8283385449239107,0.7128712871287128,0.9444444444444444
mobilenetv3_large_100,1,fp32,jpeg_q12,0.7524752475247525,0.7018682960374988,0.4801980198019802,0.9278350515463918
mobilenetv3_large_100,1,fp32,rotate15,0.8762376237623762,0.8605336203282288,0.8217821782178217,0.9578313253012049
mobilenetv3_large_100,1,fp32,bg_clutter,0.6782178217821783,0.6428112359908753,0.47029702970297027,0.8947368421052632
mobilenetv3_large_100,1,fp32,combined,0.31683168316831684,0.17074472118625955,0.21782178217821782,0.5681818181818182
mobilenetv3_large_100,2,fp32,blur_mild,0.8514851485148515,0.8305129084924108,0.8366336633663366,0.9112426035502958
mobilenetv3_large_100,2,fp32,blur_strong,0.4504950495049505,0.3987188699915972,0.5346534653465347,0.5648148148148148
mobilenetv3_large_100,2,fp32,bright_dark,0.9158415841584159,0.9041006912742924,0.8514851485148515,0.9476744186046512
mobilenetv3_large_100,2,fp32,bright_light,0.8366336633663366,0.8256047208618466,0.7920792079207921,0.9375
mobilenetv3_large_100,2,fp32,contrast_low,0.9207920792079208,0.9045655237792687,0.8960396039603961,0.9392265193370166
mobilenetv3_large_100,2,fp32,contrast_high,0.8564356435643564,0.840442925995888,0.7821782178217822,0.9556962025316456
mobilenetv3_large_100,2,fp32,jpeg_q12,0.698019801980198,0.5945542656101661,0.5742574257425742,0.853448275862069
mobilenetv3_large_100,2,fp32,rotate15,0.9108910891089109,0.8954842498531818,0.900990099009901,0.9395604395604396
mobilenetv3_large_100,2,fp32,bg_clutter,0.7326732673267327,0.6947167171370849,0.6633663366336634,0.8507462686567164
mobilenetv3_large_100,2,fp32,combined,0.21782178217821782,0.16366545753694345,0.6287128712871287,0.2125984251968504
mobilenetv3_large_100,42,fp32,blur_mild,0.8415841584158416,0.7360113668655869,0.8762376237623762,0.8870056497175142
mobilenetv3_large_100,42,fp32,blur_strong,0.7475247524752475,0.6071594915073175,0.7178217821782178,0.8620689655172413
mobilenetv3_large_100,42,fp32,bright_dark,0.8861386138613861,0.8283758154826117,0.905940594059406,0.912568306010929
mobilenetv3_large_100,42,fp32,bright_light,0.8118811881188119,0.7975685452162515,0.8168316831683168,0.8787878787878788
mobilenetv3_large_100,42,fp32,contrast_low,0.9257425742574258,0.9017405032839321,0.900990099009901,0.9505494505494505
mobilenetv3_large_100,42,fp32,contrast_high,0.9108910891089109,0.8887995772614108,0.8613861386138614,0.9425287356321839
mobilenetv3_large_100,42,fp32,jpeg_q12,0.7079207920792079,0.605093204514787,0.7029702970297029,0.823943661971831
mobilenetv3_large_100,42,fp32,rotate15,0.9207920792079208,0.90668999935187,0.8960396039603961,0.9613259668508287
mobilenetv3_large_100,42,fp32,bg_clutter,0.7128712871287128,0.6699085870379899,0.6881188118811881,0.8705035971223022
mobilenetv3_large_100,42,fp32,combined,0.3316831683168317,0.24318733285855032,0.37623762376237624,0.4342105263157895
mobilenetv3_large_100,42,int8,blur_mild,0.6435643564356436,0.5734693923357213,0.41089108910891087,0.8554216867469879
mobilenetv3_large_100,42,int8,blur_strong,0.3811881188118812,0.3425887910733308,0.2524752475247525,0.4117647058823529
mobilenetv3_large_100,42,int8,bright_dark,0.7425742574257426,0.6844020152478187,0.7326732673267327,0.8445945945945946
mobilenetv3_large_100,42,int8,bright_light,0.6237623762376238,0.6491169491052234,0.3415841584158416,0.855072463768116
mobilenetv3_large_100,42,int8,contrast_low,0.6039603960396039,0.6114041761433407,0.6089108910891089,0.7154471544715447
mobilenetv3_large_100,42,int8,contrast_high,0.7970297029702971,0.7697600879276616,0.5544554455445545,0.9464285714285714
mobilenetv3_large_100,42,int8,jpeg_q12,0.6534653465346535,0.5809333382757378,0.3613861386138614,0.8767123287671232
mobilenetv3_large_100,42,int8,rotate15,0.8267326732673267,0.8181496781115571,0.6287128712871287,0.952755905511811
mobilenetv3_large_100,42,int8,bg_clutter,0.6336633663366337,0.5964881656050706,0.4603960396039604,0.8924731182795699
mobilenetv3_large_100,42,int8,combined,0.26732673267326734,0.2379264255750269,0.24752475247524752,0.38
mobilenetv3_small_100,1,fp32,blur_mild,0.9257425742574258,0.8953010368074901,0.9801980198019802,0.9292929292929293
mobilenetv3_small_100,1,fp32,blur_strong,0.6831683168316832,0.5878920654121601,0.9207920792079208,0.7043010752688172
mobilenetv3_small_100,1,fp32,bright_dark,0.806930693069307,0.7816310984825585,0.900990099009901,0.8626373626373627
mobilenetv3_small_100,1,fp32,bright_light,0.905940594059406,0.8837933720860551,0.9257425742574258,0.9197860962566845
mobilenetv3_small_100,1,fp32,contrast_low,0.8861386138613861,0.8535789473684211,0.9504950495049505,0.8854166666666666
mobilenetv3_small_100,1,fp32,contrast_high,0.8613861386138614,0.8337212667583351,0.9455445544554455,0.8900523560209425
mobilenetv3_small_100,1,fp32,jpeg_q12,0.7970297029702971,0.7546711674268666,0.9207920792079208,0.8440860215053764
mobilenetv3_small_100,1,fp32,rotate15,0.9405940594059405,0.9250571806909835,0.9702970297029703,0.9489795918367347
mobilenetv3_small_100,1,fp32,bg_clutter,0.5643564356435643,0.4759037395919152,0.8811881188118812,0.5786516853932584
mobilenetv3_small_100,1,fp32,combined,0.38613861386138615,0.23778213215535962,0.905940594059406,0.3989071038251366
mobilenetv3_small_100,2,fp32,blur_mild,0.900990099009901,0.8812136713936383,0.8514851485148515,0.9534883720930233
mobilenetv3_small_100,2,fp32,blur_strong,0.5495049504950495,0.4506297847281293,0.6336633663366337,0.6796875
mobilenetv3_small_100,2,fp32,bright_dark,0.7227722772277227,0.7150865920756251,0.6831683168316832,0.855072463768116
mobilenetv3_small_100,2,fp32,bright_light,0.8267326732673267,0.8075604635739477,0.7376237623762376,0.9328859060402684
mobilenetv3_small_100,2,fp32,contrast_low,0.8415841584158416,0.8201153972239915,0.7623762376237624,0.935064935064935
mobilenetv3_small_100,2,fp32,contrast_high,0.8217821782178217,0.7824819242163709,0.7772277227722773,0.9235668789808917
mobilenetv3_small_100,2,fp32,jpeg_q12,0.806930693069307,0.7660946470961801,0.7722772277227723,0.9102564102564102
mobilenetv3_small_100,2,fp32,rotate15,0.8861386138613861,0.873285255491197,0.8465346534653465,0.9298245614035088
mobilenetv3_small_100,2,fp32,bg_clutter,0.5495049504950495,0.4796485593880388,0.7029702970297029,0.6408450704225352
mobilenetv3_small_100,2,fp32,combined,0.3415841584158416,0.21769696969696967,0.7029702970297029,0.3380281690140845
mobilenetv3_small_100,42,fp32,blur_mild,0.8465346534653465,0.749008547008547,0.905940594059406,0.9016393442622951
mobilenetv3_small_100,42,fp32,blur_strong,0.6386138613861386,0.5205940942526308,0.8217821782178217,0.7108433734939759
mobilenetv3_small_100,42,fp32,bright_dark,0.8613861386138614,0.8228402873722022,0.8712871287128713,0.9147727272727273
mobilenetv3_small_100,42,fp32,bright_light,0.8811881188118812,0.8496882606576832,0.900990099009901,0.9395604395604396
mobilenetv3_small_100,42,fp32,contrast_low,0.8861386138613861,0.8177679028723489,0.9108910891089109,0.9347826086956522
mobilenetv3_small_100,42,fp32,contrast_high,0.8861386138613861,0.8537348590090421,0.8712871287128713,0.9488636363636364
mobilenetv3_small_100,42,fp32,jpeg_q12,0.8217821782178217,0.7202553433621395,0.8910891089108911,0.8722222222222222
mobilenetv3_small_100,42,fp32,rotate15,0.9306930693069307,0.9157702178338301,0.9356435643564357,0.9576719576719577
mobilenetv3_small_100,42,fp32,bg_clutter,0.5396039603960396,0.43790598993493796,0.8861386138613861,0.5586592178770949
mobilenetv3_small_100,42,fp32,combined,0.38613861386138615,0.205753876127787,0.900990099009901,0.4065934065934066
mobilenetv3_small_100,42,int8,blur_mild,0.6584158415841584,0.6092625174329085,0.3910891089108911,0.8354430379746836
mobilenetv3_small_100,42,int8,blur_strong,0.46534653465346537,0.3654354344459455,0.19801980198019803,0.775
mobilenetv3_small_100,42,int8,bright_dark,0.46534653465346537,0.34030395136778113,0.38613861386138615,0.48717948717948717
mobilenetv3_small_100,42,int8,bright_light,0.6782178217821783,0.5858940173345493,0.35148514851485146,0.8873239436619719
mobilenetv3_small_100,42,int8,contrast_low,0.43564356435643564,0.26380132148553204,0.4207920792079208,0.6823529411764706
mobilenetv3_small_100,42,int8,contrast_high,0.5247524752475248,0.46972659139991874,0.4405940594059406,0.6853932584269663
mobilenetv3_small_100,42,int8,jpeg_q12,0.6188118811881188,0.5170943811780814,0.27722772277227725,0.9107142857142857
mobilenetv3_small_100,42,int8,rotate15,0.698019801980198,0.6499194233630229,0.40594059405940597,0.8902439024390244
mobilenetv3_small_100,42,int8,bg_clutter,0.400990099009901,0.2331407717873583,0.7128712871287128,0.4583333333333333
mobilenetv3_small_100,42,int8,combined,0.3613861386138614,0.1800900924633176,0.7128712871287128,0.4097222222222222
