phase,arch,seed,perturbation,acc,macro_f1,cov_hi,sel_acc_hi
1,mobilenetv3_small_100,42,blur_mild,0.8465346534653465,0.749008547008547,0.905940594059406,0.9016393442622951
1,mobilenetv3_small_100,42,blur_strong,0.6386138613861386,0.5205940942526308,0.8217821782178217,0.7108433734939759
1,mobilenetv3_small_100,42,bright_dark,0.8613861386138614,0.8228402873722022,0.8712871287128713,0.9147727272727273
1,mobilenetv3_small_100,42,bright_light,0.8811881188118812,0.8496882606576832,0.900990099009901,0.9395604395604396
1,mobilenetv3_small_100,42,contrast_low,0.8861386138613861,0.8177679028723489,0.9108910891089109,0.9347826086956522
1,mobilenetv3_small_100,42,contrast_high,0.8861386138613861,0.8537348590090421,0.8712871287128713,0.9488636363636364
1,mobilenetv3_small_100,42,jpeg_q12,0.8217821782178217,0.7202553433621395,0.8910891089108911,0.8722222222222222
1,mobilenetv3_small_100,42,rotate15,0.9306930693069307,0.9157702178338301,0.9356435643564357,0.9576719576719577
1,mobilenetv3_small_100,42,bg_clutter,0.5396039603960396,0.43790598993493796,0.8861386138613861,0.5586592178770949
1,mobilenetv3_small_100,42,combined,0.38613861386138615,0.205753876127787,0.900990099009901,0.4065934065934066
2,mobilenetv3_small_100,42,blur_mild,0.8910891089108911,0.8757471251135245,0.9554455445544554,0.9119170984455959
2,mobilenetv3_small_100,42,blur_strong,0.7970297029702971,0.7811616954474098,0.9108910891089109,0.8478260869565217
2,mobilenetv3_small_100,42,bright_dark,0.8910891089108911,0.8700988912539405,0.9455445544554455,0.9057591623036649
2,mobilenetv3_small_100,42,bright_light,0.8960396039603961,0.8781542690637199,0.9554455445544554,0.927461139896373
2,mobilenetv3_small_100,42,contrast_low,0.8811881188118812,0.8598006683338035,0.9554455445544554,0.8963730569948186
2,mobilenetv3_small_100,42,contrast_high,0.8415841584158416,0.8136011775446563,0.9356435643564357,0.8783068783068783
2,mobilenetv3_small_100,42,jpeg_q12,0.7920792079207921,0.7628675903715108,0.9257425742574258,0.8342245989304813
2,mobilenetv3_small_100,42,rotate15,0.9108910891089109,0.8992586092586092,0.9653465346534653,0.9230769230769231
2,mobilenetv3_small_100,42,bg_clutter,0.8712871287128713,0.8493188367969943,0.9455445544554455,0.8900523560209425
2,mobilenetv3_small_100,42,combined,0.8366336633663366,0.8109471125260599,0.8564356435643564,0.884393063583815
1,mobilenetv3_small_100,1,blur_mild,0.9257425742574258,0.8953010368074901,0.9801980198019802,0.9292929292929293
1,mobilenetv3_small_100,1,blur_strong,0.6831683168316832,0.5878920654121601,0.9207920792079208,0.7043010752688172
1,mobilenetv3_small_100,1,bright_dark,0.806930693069307,0.7816310984825585,0.900990099009901,0.8626373626373627
1,mobilenetv3_small_100,1,bright_light,0.905940594059406,0.8837933720860551,0.9257425742574258,0.9197860962566845
1,mobilenetv3_small_100,1,contrast_low,0.8861386138613861,0.8535789473684211,0.9504950495049505,0.8854166666666666
1,mobilenetv3_small_100,1,contrast_high,0.8613861386138614,0.8337212667583351,0.9455445544554455,0.8900523560209425
1,mobilenetv3_small_100,1,jpeg_q12,0.7970297029702971,0.7546711674268666,0.9207920792079208,0.8440860215053764
1,mobilenetv3_small_100,1,rotate15,0.9405940594059405,0.9250571806909835,0.9702970297029703,0.9489795918367347
1,mobilenetv3_small_100,1,bg_clutter,0.5643564356435643,0.4759037395919152,0.8811881188118812,0.5786516853932584
1,mobilenetv3_small_100,1,combined,0.38613861386138615,0.23778213215535962,0.905940594059406,0.3989071038251366
2,mobilenetv3_small_100,1,blur_mild,0.9257425742574258,0.9179514992030636,0.8267326732673267,0.9820359281437125
2,mobilenetv3_small_100,1,blur_strong,0.8267326732673267,0.8190198195257798,0.7029702970297029,0.9295774647887324
2,mobilenetv3_small_100,1,bright_dark,0.8811881188118812,0.8717360883747439,0.8415841584158416,0.9529411764705882
2,mobilenetv3_small_100,1,bright_light,0.8910891089108911,0.8797200793450916,0.8366336633663366,0.9408284023668639
2,mobilenetv3_small_100,1,contrast_low,0.905940594059406,0.8959622396263619,0.8217821782178217,0.9759036144578314
2,mobilenetv3_small_100,1,contrast_high,0.8861386138613861,0.8752854410073928,0.8118811881188119,0.9512195121951219
2,mobilenetv3_small_100,1,jpeg_q12,0.8712871287128713,0.854520435262844,0.7475247524752475,0.9403973509933775
2,mobilenetv3_small_100,1,rotate15,0.900990099009901,0.8827350427350428,0.8514851485148515,0.9709302325581395
2,mobilenetv3_small_100,1,bg_clutter,0.8960396039603961,0.889448731567076,0.7871287128712872,0.9622641509433962
2,mobilenetv3_small_100,1,combined,0.8267326732673267,0.8126715535991214,0.6386138613861386,0.937984496124031
1,mobilenetv3_small_100,2,blur_mild,0.900990099009901,0.8812136713936383,0.8514851485148515,0.9534883720930233
1,mobilenetv3_small_100,2,blur_strong,0.5495049504950495,0.4506297847281293,0.6336633663366337,0.6796875
1,mobilenetv3_small_100,2,bright_dark,0.7227722772277227,0.7150865920756251,0.6831683168316832,0.855072463768116
1,mobilenetv3_small_100,2,bright_light,0.8267326732673267,0.8075604635739477,0.7376237623762376,0.9328859060402684
1,mobilenetv3_small_100,2,contrast_low,0.8415841584158416,0.8201153972239915,0.7623762376237624,0.935064935064935
1,mobilenetv3_small_100,2,contrast_high,0.8217821782178217,0.7824819242163709,0.7772277227722773,0.9235668789808917
1,mobilenetv3_small_100,2,jpeg_q12,0.806930693069307,0.7660946470961801,0.7722772277227723,0.9102564102564102
1,mobilenetv3_small_100,2,rotate15,0.8861386138613861,0.873285255491197,0.8465346534653465,0.9298245614035088
1,mobilenetv3_small_100,2,bg_clutter,0.5495049504950495,0.4796485593880388,0.7029702970297029,0.6408450704225352
1,mobilenetv3_small_100,2,combined,0.3415841584158416,0.21769696969696967,0.7029702970297029,0.3380281690140845
2,mobilenetv3_small_100,2,blur_mild,0.9108910891089109,0.8880953856867144,0.905940594059406,0.9617486338797814
2,mobilenetv3_small_100,2,blur_strong,0.8613861386138614,0.828012012012012,0.8366336633663366,0.9112426035502958
2,mobilenetv3_small_100,2,bright_dark,0.900990099009901,0.8828090202003246,0.8861386138613861,0.9608938547486033
2,mobilenetv3_small_100,2,bright_light,0.8960396039603961,0.8454365377166042,0.8811881188118812,0.9325842696629213
2,mobilenetv3_small_100,2,contrast_low,0.900990099009901,0.8777538796313802,0.900990099009901,0.9560439560439561
2,mobilenetv3_small_100,2,contrast_high,0.8811881188118812,0.8655071697623663,0.8663366336633663,0.9428571428571428
2,mobilenetv3_small_100,2,jpeg_q12,0.8861386138613861,0.852517418527,0.8811881188118812,0.9213483146067416
2,mobilenetv3_small_100,2,rotate15,0.9306930693069307,0.9179229820397703,0.9207920792079208,0.946236559139785
2,mobilenetv3_small_100,2,bg_clutter,0.9207920792079208,0.9011925333280881,0.8960396039603961,0.9558011049723757
2,mobilenetv3_small_100,2,combined,0.8267326732673267,0.784762248879896,0.7821782178217822,0.8987341772151899
1,mobilenetv3_large_100,42,blur_mild,0.8415841584158416,0.7360113668655869,0.8762376237623762,0.8870056497175142
1,mobilenetv3_large_100,42,blur_strong,0.7475247524752475,0.6071594915073175,0.7178217821782178,0.8620689655172413
1,mobilenetv3_large_100,42,bright_dark,0.8861386138613861,0.8283758154826117,0.905940594059406,0.912568306010929
1,mobilenetv3_large_100,42,bright_light,0.8118811881188119,0.7975685452162515,0.8168316831683168,0.8787878787878788
1,mobilenetv3_large_100,42,contrast_low,0.9257425742574258,0.9017405032839321,0.900990099009901,0.9505494505494505
1,mobilenetv3_large_100,42,contrast_high,0.9108910891089109,0.8887995772614108,0.8613861386138614,0.9425287356321839
1,mobilenetv3_large_100,42,jpeg_q12,0.7079207920792079,0.605093204514787,0.7029702970297029,0.823943661971831
1,mobilenetv3_large_100,42,rotate15,0.9207920792079208,0.90668999935187,0.8960396039603961,0.9613259668508287
1,mobilenetv3_large_100,42,bg_clutter,0.7128712871287128,0.6699085870379899,0.6881188118811881,0.8705035971223022
1,mobilenetv3_large_100,42,combined,0.3316831683168317,0.24318733285855032,0.37623762376237624,0.4342105263157895
2,mobilenetv3_large_100,42,blur_mild,0.9158415841584159,0.9024377714384524,0.8910891089108911,0.9555555555555556
2,mobilenetv3_large_100,42,blur_strong,0.8712871287128713,0.8392690112452751,0.7623762376237624,0.9415584415584416
2,mobilenetv3_large_100,42,bright_dark,0.905940594059406,0.8874511929943061,0.8960396039603961,0.9502762430939227
2,mobilenetv3_large_100,42,bright_light,0.905940594059406,0.8884505349304461,0.8910891089108911,0.9333333333333333
2,mobilenetv3_large_100,42,contrast_low,0.9207920792079208,0.8992682464005313,0.8861386138613861,0.9553072625698324
2,mobilenetv3_large_100,42,contrast_high,0.905940594059406,0.8822411468441833,0.9158415841584159,0.9621621621621622
2,mobilenetv3_large_100,42,jpeg_q12,0.8762376237623762,0.8449889467755561,0.8316831683168316,0.9226190476190477
2,mobilenetv3_large_100,42,rotate15,0.9207920792079208,0.9047097241421145,0.8910891089108911,0.9722222222222222
2,mobilenetv3_large_100,42,bg_clutter,0.9257425742574258,0.9076581571765816,0.905940594059406,0.9508196721311475
2,mobilenetv3_large_100,42,combined,0.8366336633663366,0.802402322448194,0.6683168316831684,0.9185185185185185
1,mobilenetv3_large_100,1,blur_mild,0.8217821782178217,0.8068708142231081,0.6584158415841584,0.9548872180451128
1,mobilenetv3_large_100,1,blur_strong,0.5247524752475248,0.4500161379179133,0.22772277227722773,0.9782608695652174
1,mobilenetv3_large_100,1,bright_dark,0.8415841584158416,0.8256703296703296,0.7673267326732673,0.9161290322580645
1,mobilenetv3_large_100,1,bright_light,0.7821782178217822,0.773297481014518,0.6732673267326733,0.8823529411764706
1,mobilenetv3_large_100,1,contrast_low,0.8910891089108911,0.8684560428199269,0.806930693069307,0.9570552147239264
1,mobilenetv3_large_100,1,contrast_high,0.8415841584158416,0.8283385449239107,0.7128712871287128,0.9444444444444444
1,mobilenetv3_large_100,1,jpeg_q12,0.7524752475247525,0.7018682960374988,0.4801980198019802,0.9278350515463918
1,mobilenetv3_large_100,1,rotate15,0.8762376237623762,0.8605336203282288,0.8217821782178217,0.9578313253012049
1,mobilenetv3_large_100,1,bg_clutter,0.6782178217821783,0.6428112359908753,0.47029702970297027,0.8947368421052632
1,mobilenetv3_large_100,1,combined,0.31683168316831684,0.17074472118625955,0.21782178217821782,0.5681818181818182
2,mobilenetv3_large_100,1,blur_mild,0.9108910891089109,0.8781372549019608,0.8712871287128713,0.9602272727272727
2,mobilenetv3_large_100,1,blur_strong,0.8663366336633663,0.8449513247220908,0.7079207920792079,0.9440559440559441
2,mobilenetv3_large_100,1,bright_dark,0.9158415841584159,0.8938545894394512,0.8613861386138614,0.9712643678160919
2,mobilenetv3_large_100,1,bright_light,0.8811881188118812,0.8595342292997883,0.8613861386138614,0.9540229885057471
2,mobilenetv3_large_100,1,contrast_low,0.8960396039603961,0.871552458767091,0.8613861386138614,0.9655172413793104
2,mobilenetv3_large_100,1,contrast_high,0.9356435643564357,0.9274257583228197,0.8514851485148515,0.9651162790697675
2,mobilenetv3_large_100,1,jpeg_q12,0.8811881188118812,0.8594023490038698,0.7475247524752475,0.9536423841059603
2,mobilenetv3_large_100,1,rotate15,0.9306930693069307,0.9090993199672445,0.900990099009901,0.9725274725274725
2,mobilenetv3_large_100,1,bg_clutter,0.905940594059406,0.8900705570090155,0.900990099009901,0.9285714285714286
2,mobilenetv3_large_100,1,combined,0.8217821782178217,0.7991707052032047,0.6386138613861386,0.9612403100775194
1,mobilenetv3_large_100,2,blur_mild,0.8514851485148515,0.8305129084924108,0.8366336633663366,0.9112426035502958
1,mobilenetv3_large_100,2,blur_strong,0.4504950495049505,0.3987188699915972,0.5346534653465347,0.5648148148148148
1,mobilenetv3_large_100,2,bright_dark,0.9158415841584159,0.9041006912742924,0.8514851485148515,0.9476744186046512
1,mobilenetv3_large_100,2,bright_light,0.8366336633663366,0.8256047208618466,0.7920792079207921,0.9375
1,mobilenetv3_large_100,2,contrast_low,0.9207920792079208,0.9045655237792687,0.8960396039603961,0.9392265193370166
1,mobilenetv3_large_100,2,contrast_high,0.8564356435643564,0.840442925995888,0.7821782178217822,0.9556962025316456
1,mobilenetv3_large_100,2,jpeg_q12,0.698019801980198,0.5945542656101661,0.5742574257425742,0.853448275862069
1,mobilenetv3_large_100,2,rotate15,0.9108910891089109,0.8954842498531818,0.900990099009901,0.9395604395604396
1,mobilenetv3_large_100,2,bg_clutter,0.7326732673267327,0.6947167171370849,0.6633663366336634,0.8507462686567164
1,mobilenetv3_large_100,2,combined,0.21782178217821782,0.16366545753694345,0.6287128712871287,0.2125984251968504
2,mobilenetv3_large_100,2,blur_mild,0.9306930693069307,0.921618604329143,0.9207920792079208,0.956989247311828
2,mobilenetv3_large_100,2,blur_strong,0.8267326732673267,0.784863614463691,0.7970297029702971,0.8944099378881988
2,mobilenetv3_large_100,2,bright_dark,0.9356435643564357,0.9269793302369431,0.9603960396039604,0.9587628865979382
2,mobilenetv3_large_100,2,bright_light,0.8960396039603961,0.8812572832466687,0.9158415841584159,0.9513513513513514
2,mobilenetv3_large_100,2,contrast_low,0.9356435643564357,0.9244080009297401,0.9207920792079208,0.946236559139785
2,mobilenetv3_large_100,2,contrast_high,0.9306930693069307,0.922677427817472,0.9405940594059405,0.9526315789473684
2,mobilenetv3_large_100,2,jpeg_q12,0.8811881188118812,0.8514441620292772,0.8712871287128713,0.9318181818181818
2,mobilenetv3_large_100,2,rotate15,0.9405940594059405,0.9300221553413042,0.9405940594059405,0.9631578947368421
2,mobilenetv3_large_100,2,bg_clutter,0.9207920792079208,0.9102740472542681,0.9207920792079208,0.956989247311828
2,mobilenetv3_large_100,2,combined,0.7871287128712872,0.747374150032902,0.693069306930693,0.8785714285714286
1,efficientnet_b0,42,blur_mild,0.7722772277227723,0.693431742636149,0.8564356435643564,0.8554913294797688
1,efficientnet_b0,42,blur_strong,0.41089108910891087,0.23098785742264,0.5693069306930693,0.5478260869565217
1,efficientnet_b0,42,bright_dark,0.8465346534653465,0.7861956050025644,0.8811881188118812,0.8932584269662921
1,efficientnet_b0,42,bright_light,0.8910891089108911,0.8680934151007144,0.9356435643564357,0.9312169312169312
1,efficientnet_b0,42,contrast_low,0.8910891089108911,0.8611109878734103,0.9158415841584159,0.9297297297297298
1,efficientnet_b0,42,contrast_high,0.8712871287128713,0.8374778370437103,0.8861386138613861,0.9217877094972067
1,efficientnet_b0,42,jpeg_q12,0.6386138613861386,0.5181759465421647,0.6782178217821783,0.7518248175182481
1,efficientnet_b0,42,rotate15,0.9108910891089109,0.8826856436202231,0.9653465346534653,0.9282051282051282
1,efficientnet_b0,42,bg_clutter,0.7178217821782178,0.6879618460157857,0.7227722772277227,0.8424657534246576
1,efficientnet_b0,42,combined,0.4207920792079208,0.3093859764089122,0.3465346534653465,0.5571428571428572
2,efficientnet_b0,42,blur_mild,0.8910891089108911,0.8472619739825206,0.8366336633663366,0.9585798816568047
2,efficientnet_b0,42,blur_strong,0.806930693069307,0.6768412807849428,0.7722772277227723,0.9294871794871795
2,efficientnet_b0,42,bright_dark,0.8663366336633663,0.8229105058510939,0.8564356435643564,0.9421965317919075
2,efficientnet_b0,42,bright_light,0.8960396039603961,0.8567907444668009,0.8811881188118812,0.9550561797752809
2,efficientnet_b0,42,contrast_low,0.8762376237623762,0.8355796033316478,0.8960396039603961,0.9171270718232044
2,efficientnet_b0,42,contrast_high,0.8366336633663366,0.7700677838386816,0.8910891089108911,0.8888888888888888
2,efficientnet_b0,42,jpeg_q12,0.8118811881188119,0.7403269720831321,0.7722772277227723,0.9230769230769231
2,efficientnet_b0,42,rotate15,0.8762376237623762,0.8242609211144953,0.8861386138613861,0.9273743016759777
2,efficientnet_b0,42,bg_clutter,0.8960396039603961,0.8672520054027526,0.8960396039603961,0.9337016574585635
2,efficientnet_b0,42,combined,0.8118811881188119,0.7519840468931164,0.7326732673267327,0.8918918918918919
1,efficientnet_b0,1,blur_mild,0.801980198019802,0.7244877344877345,0.8415841584158416,0.8764705882352941
1,efficientnet_b0,1,blur_strong,0.5198019801980198,0.4279701314133004,0.09405940594059406,0.9473684210526315
1,efficientnet_b0,1,bright_dark,0.8316831683168316,0.8074495930135027,0.8514851485148515,0.9186046511627907
1,efficientnet_b0,1,bright_light,0.801980198019802,0.783432030932031,0.7920792079207921,0.89375
1,efficientnet_b0,1,contrast_low,0.905940594059406,0.8876492907006585,0.900990099009901,0.9230769230769231
1,efficientnet_b0,1,contrast_high,0.806930693069307,0.7805483624432654,0.8564356435643564,0.8728323699421965
1,efficientnet_b0,1,jpeg_q12,0.6435643564356436,0.5661898612992108,0.45544554455445546,0.8804347826086957
1,efficientnet_b0,1,rotate15,0.9108910891089109,0.8882234861874311,0.9405940594059405,0.9421052631578948
1,efficientnet_b0,1,bg_clutter,0.6881188118811881,0.6483215823014209,0.7623762376237624,0.7532467532467533
1,efficientnet_b0,1,combined,0.26732673267326734,0.20571270072414238,0.39603960396039606,0.2875
2,efficientnet_b0,1,blur_mild,0.9356435643564357,0.9230646016124563,0.8415841584158416,0.9764705882352941
2,efficientnet_b0,1,blur_strong,0.8663366336633663,0.8435626614120345,0.6089108910891089,0.967479674796748
2,efficientnet_b0,1,bright_dark,0.9207920792079208,0.9102501147935067,0.7920792079207921,0.975
2,efficientnet_b0,1,bright_light,0.9306930693069307,0.9165367170564327,0.8168316831683168,0.9818181818181818
2,efficientnet_b0,1,contrast_low,0.9306930693069307,0.9145187212528985,0.8366336633663366,0.9763313609467456
2,efficientnet_b0,1,contrast_high,0.8861386138613861,0.8740137812230836,0.7970297029702971,0.9751552795031055
2,efficientnet_b0,1,jpeg_q12,0.8960396039603961,0.8814216811156502,0.7425742574257426,0.96
2,efficientnet_b0,1,rotate15,0.9405940594059405,0.9320449034327346,0.8514851485148515,0.9767441860465116
2,efficientnet_b0,1,bg_clutter,0.9356435643564357,0.9206324696910446,0.8712871287128713,0.9659090909090909
2,efficientnet_b0,1,combined,0.8415841584158416,0.8317661362709098,0.6386138613861386,0.9534883720930233
1,efficientnet_b0,2,blur_mild,0.6584158415841584,0.4780437820214253,0.9108910891089109,0.6739130434782609
1,efficientnet_b0,2,blur_strong,0.4603960396039604,0.30262204838476026,0.7821782178217822,0.4936708860759494
1,efficientnet_b0,2,bright_dark,0.7722772277227723,0.7303842266027061,0.8960396039603961,0.8066298342541437
1,efficientnet_b0,2,bright_light,0.6584158415841584,0.6857471444218433,0.8465346534653465,0.7134502923976608
1,efficientnet_b0,2,contrast_low,0.8910891089108911,0.873557857291369,0.9504950495049505,0.9114583333333334
1,efficientnet_b0,2,contrast_high,0.8168316831683168,0.774373701309916,0.8910891089108911,0.8611111111111112
1,efficientnet_b0,2,jpeg_q12,0.46534653465346537,0.34870823997854217,0.7326732673267327,0.5337837837837838
1,efficientnet_b0,2,rotate15,0.8861386138613861,0.8696352085795478,0.9455445544554455,0.900523560209424
1,efficientnet_b0,2,bg_clutter,0.6237623762376238,0.5589233924970619,0.8316831683168316,0.6904761904761905
1,efficientnet_b0,2,combined,0.2722772277227723,0.1840031998419683,0.5445544554455446,0.2909090909090909
2,efficientnet_b0,2,blur_mild,0.8960396039603961,0.8635976439248217,0.905940594059406,0.9289617486338798
2,efficientnet_b0,2,blur_strong,0.806930693069307,0.7601894364418255,0.7821782178217822,0.8670886075949367
2,efficientnet_b0,2,bright_dark,0.8910891089108911,0.8590478414588004,0.8960396039603961,0.9171270718232044
2,efficientnet_b0,2,bright_light,0.8910891089108911,0.869305360574806,0.9207920792079208,0.9247311827956989
2,efficientnet_b0,2,contrast_low,0.900990099009901,0.8759600773226003,0.9405940594059405,0.9315789473684211
2,efficientnet_b0,2,contrast_high,0.8712871287128713,0.8493461166916534,0.8663366336633663,0.9371428571428572
2,efficientnet_b0,2,jpeg_q12,0.8267326732673267,0.7650317660779347,0.8712871287128713,0.8693181818181818
2,efficientnet_b0,2,rotate15,0.9257425742574258,0.913709620605499,0.905940594059406,0.9508196721311475
2,efficientnet_b0,2,bg_clutter,0.905940594059406,0.8878160368795491,0.9158415841584159,0.9351351351351351
2,efficientnet_b0,2,combined,0.7772277227722773,0.714591015632478,0.7029702970297029,0.9154929577464789
1,efficientnet_lite0,42,blur_mild,0.5792079207920792,0.5244028853224255,0.6485148514851485,0.6793893129770993
1,efficientnet_lite0,42,blur_strong,0.28217821782178215,0.13858974358974357,0.8465346534653465,0.30994152046783624
1,efficientnet_lite0,42,bright_dark,0.7871287128712872,0.7462215787337101,0.7871287128712872,0.8930817610062893
1,efficientnet_lite0,42,bright_light,0.6831683168316832,0.6953183979528651,0.7178217821782178,0.8206896551724138
1,efficientnet_lite0,42,contrast_low,0.8762376237623762,0.8341825775693689,0.8514851485148515,0.9244186046511628
1,efficientnet_lite0,42,contrast_high,0.8118811881188119,0.7784699258384336,0.7326732673267327,0.8716216216216216
1,efficientnet_lite0,42,jpeg_q12,0.6633663366336634,0.5971497584541063,0.47029702970297027,0.8210526315789474
1,efficientnet_lite0,42,rotate15,0.9108910891089109,0.8842351908701817,0.9108910891089109,0.9456521739130435
1,efficientnet_lite0,42,bg_clutter,0.8168316831683168,0.7751324980305361,0.7227722772277227,0.910958904109589
1,efficientnet_lite0,42,combined,0.2871287128712871,0.2630849134525605,0.1485148514851485,0.3333333333333333
2,efficientnet_lite0,42,blur_mild,0.9108910891089109,0.8771536811536812,0.9405940594059405,0.9263157894736842
2,efficientnet_lite0,42,blur_strong,0.8168316831683168,0.7531156613313913,0.8316831683168316,0.8869047619047619
2,efficientnet_lite0,42,bright_dark,0.9158415841584159,0.897484745686118,0.9405940594059405,0.9368421052631579
2,efficientnet_lite0,42,bright_light,0.8712871287128713,0.8447434880453273,0.8910891089108911,0.9277777777777778
2,efficientnet_lite0,42,contrast_low,0.900990099009901,0.8758728852807366,0.900990099009901,0.945054945054945
2,efficientnet_lite0,42,contrast_high,0.8811881188118812,0.864854859374832,0.8861386138613861,0.9273743016759777
2,efficientnet_lite0,42,jpeg_q12,0.8366336633663366,0.7956988211778785,0.8267326732673267,0.8802395209580839
2,efficientnet_lite0,42,rotate15,0.9108910891089109,0.884154478589064,0.9356435643564357,0.9523809523809523
2,efficientnet_lite0,42,bg_clutter,0.9158415841584159,0.8952052032988549,0.9108910891089109,0.9565217391304348
2,efficientnet_lite0,42,combined,0.8267326732673267,0.7931744494509616,0.6881188118811881,0.9568345323741008
1,efficientnet_lite0,1,blur_mild,0.5099009900990099,0.36515292957493994,0.7128712871287128,0.5902777777777778
1,efficientnet_lite0,1,blur_strong,0.2722772277227723,0.11152743587804326,0.9702970297029703,0.2653061224489796
1,efficientnet_lite0,1,bright_dark,0.7524752475247525,0.6914696944173943,0.7920792079207921,0.84375
1,efficientnet_lite0,1,bright_light,0.8366336633663366,0.82052790346908,0.7475247524752475,0.9337748344370861
1,efficientnet_lite0,1,contrast_low,0.8613861386138614,0.8405779318795046,0.8366336633663366,0.9230769230769231
1,efficientnet_lite0,1,contrast_high,0.8613861386138614,0.8441749996981261,0.7326732673267327,0.9324324324324325
1,efficientnet_lite0,1,jpeg_q12,0.47029702970297027,0.40017073539484355,0.5841584158415841,0.5508474576271186
1,efficientnet_lite0,1,rotate15,0.9158415841584159,0.8891423190304618,0.8663366336633663,0.9485714285714286
1,efficientnet_lite0,1,bg_clutter,0.8168316831683168,0.7674686187398052,0.7079207920792079,0.9300699300699301
1,efficientnet_lite0,1,combined,0.3712871287128713,0.24896357939261043,0.45544554455445546,0.44565217391304346
2,efficientnet_lite0,1,blur_mild,0.905940594059406,0.8802155716087604,0.9108910891089109,0.9456521739130435
2,efficientnet_lite0,1,blur_strong,0.7871287128712872,0.7423939491919789,0.8564356435643564,0.8439306358381503
2,efficientnet_lite0,1,bright_dark,0.8811881188118812,0.8456941694169415,0.9207920792079208,0.9139784946236559
2,efficientnet_lite0,1,bright_light,0.8811881188118812,0.859202257232224,0.9257425742574258,0.9144385026737968
2,efficientnet_lite0,1,contrast_low,0.8910891089108911,0.8696395274361024,0.9257425742574258,0.9144385026737968
2,efficientnet_lite0,1,contrast_high,0.9108910891089109,0.8899810758682893,0.9257425742574258,0.93048128342246
2,efficientnet_lite0,1,jpeg_q12,0.8613861386138614,0.8314618501039798,0.8366336633663366,0.9408284023668639
2,efficientnet_lite0,1,rotate15,0.9356435643564357,0.9150908003081917,0.9455445544554455,0.9528795811518325
2,efficientnet_lite0,1,bg_clutter,0.9158415841584159,0.8960661043793114,0.8762376237623762,0.96045197740113
2,efficientnet_lite0,1,combined,0.8168316831683168,0.7839209661252128,0.7277227722772277,0.9183673469387755
1,efficientnet_lite0,2,blur_mild,0.5346534653465347,0.4847202424179994,0.8564356435643564,0.5838150289017341
1,efficientnet_lite0,2,blur_strong,0.4207920792079208,0.28090634034746553,0.6732673267326733,0.49264705882352944
1,efficientnet_lite0,2,bright_dark,0.7871287128712872,0.7333933378336708,0.8762376237623762,0.8587570621468926
1,efficientnet_lite0,2,bright_light,0.7623762376237624,0.7401655059206611,0.8168316831683168,0.8
1,efficientnet_lite0,2,contrast_low,0.8910891089108911,0.860150322012791,0.9207920792079208,0.9193548387096774
1,efficientnet_lite0,2,contrast_high,0.7376237623762376,0.6852762189493633,0.8267326732673267,0.7904191616766467
1,efficientnet_lite0,2,jpeg_q12,0.43564356435643564,0.36701774042950513,0.7673267326732673,0.4774193548387097
1,efficientnet_lite0,2,rotate15,0.8960396039603961,0.8814932360331831,0.905940594059406,0.9398907103825137
1,efficientnet_lite0,2,bg_clutter,0.7970297029702971,0.7639706102863999,0.8366336633663366,0.8698224852071006
1,efficientnet_lite0,2,combined,0.28217821782178215,0.22059920471685177,0.5643564356435643,0.34210526315789475
2,efficientnet_lite0,2,blur_mild,0.8960396039603961,0.8687937108714798,0.8316831683168316,0.9583333333333334
2,efficientnet_lite0,2,blur_strong,0.7475247524752475,0.6505544152897047,0.5643564356435643,0.9122807017543859
2,efficientnet_lite0,2,bright_dark,0.9108910891089109,0.8907056926987293,0.806930693069307,0.9693251533742331
2,efficientnet_lite0,2,bright_light,0.8663366336633663,0.8476845225525391,0.7673267326732673,0.9741935483870968
2,efficientnet_lite0,2,contrast_low,0.9207920792079208,0.906159419481902,0.8217821782178217,0.963855421686747
2,efficientnet_lite0,2,contrast_high,0.8712871287128713,0.8552675075335173,0.7178217821782178,0.9793103448275862
2,efficientnet_lite0,2,jpeg_q12,0.806930693069307,0.7810703177610906,0.4158415841584158,0.9761904761904762
2,efficientnet_lite0,2,rotate15,0.905940594059406,0.8906409362163838,0.8168316831683168,0.9757575757575757
2,efficientnet_lite0,2,bg_clutter,0.9405940594059405,0.9328070805122767,0.8316831683168316,0.9761904761904762
2,efficientnet_lite0,2,combined,0.7178217821782178,0.6939333386168034,0.41089108910891087,0.9156626506024096
