arch,perturbation,macro_f1,cov,sel
efficientnet_b0,bg_clutter,0.6317356069380895,0.7722772277227722,0.7620628990492003
efficientnet_b0,blur_mild,0.6319877530484362,0.8696369636963697,0.8019583203977746
efficientnet_b0,blur_strong,0.32052667907356686,0.48184818481848185,0.6629551313617009
efficientnet_b0,bright_dark,0.7746764748729245,0.8762376237623762,0.8728309707944089
efficientnet_b0,bright_light,0.7790908634848629,0.8580858085808581,0.8461390745381974
efficientnet_b0,combined,0.23303395899167426,0.42904290429042896,0.37851731601731603
efficientnet_b0,contrast_high,0.7974666335989639,0.877887788778878,0.8852437301835048
efficientnet_b0,contrast_low,0.8741060452884793,0.9224422442244226,0.9214216620466621
efficientnet_b0,jpeg_q12,0.47769134927330587,0.622112211221122,0.7220144613035758
efficientnet_b0,rotate15,0.8801814461290673,0.9504950495049505,0.9236113171908157
efficientnet_lite0,bg_clutter,0.768857242352247,0.7557755775577557,0.9036171064622066
efficientnet_lite0,blur_mild,0.4580920191051216,0.7392739273927393,0.6178273732188704
efficientnet_lite0,blur_strong,0.1770078399384174,0.83003300330033,0.3559649005801151
efficientnet_lite0,bright_dark,0.7236948703282584,0.8184818481848185,0.865196274384394
efficientnet_lite0,bright_light,0.7520039357808687,0.7607260726072607,0.8514881632031667
efficientnet_lite0,combined,0.24421589918734088,0.38943894389438943,0.37369692346809047
efficientnet_lite0,contrast_high,0.7693070481619744,0.764026402640264,0.8648244052435669
efficientnet_lite0,contrast_low,0.8449702771538882,0.8696369636963697,0.9222834554792545
efficientnet_lite0,jpeg_q12,0.45477941142615164,0.6072607260726072,0.6164398146815918
efficientnet_lite0,rotate15,0.8849569153112755,0.8943894389438943,0.9447047709556619
mobilenetv3_large_100,bg_clutter,0.6691455133886501,0.6072607260726072,0.8719955692947606
mobilenetv3_large_100,blur_mild,0.7911316965270352,0.7904290429042904,0.9177118237709743
mobilenetv3_large_100,blur_strong,0.485298166472276,0.4933993399339934,0.8017148832990912
mobilenetv3_large_100,bright_dark,0.8527156121424113,0.8415841584158416,0.9254572522912149
mobilenetv3_large_100,bright_light,0.7988235823642054,0.7607260726072607,0.8995469399881165
mobilenetv3_large_100,combined,0.1925325038605844,0.4075907590759076,0.40499692323148606
mobilenetv3_large_100,contrast_high,0.8525270160604032,0.7854785478547854,0.9475564608694246
mobilenetv3_large_100,contrast_low,0.8915873566277092,0.867986798679868,0.9489437282034645
mobilenetv3_large_100,jpeg_q12,0.6338385887208173,0.5858085808580857,0.8684089964600972
mobilenetv3_large_100,rotate15,0.8875692898444268,0.872937293729373,0.9529059105708244
mobilenetv3_small_100,bg_clutter,0.46448609630496396,0.8234323432343235,0.5927186578976295
mobilenetv3_small_100,blur_mild,0.8418410850698917,0.9125412541254126,0.9281402152160826
mobilenetv3_small_100,blur_strong,0.51970531479764,0.792079207920792,0.6982773162542643
mobilenetv3_small_100,bright_dark,0.7731859926434619,0.8184818481848185,0.877494184559402
mobilenetv3_small_100,bright_light,0.8470140321058954,0.8547854785478548,0.9307441472857975
mobilenetv3_small_100,combined,0.22041099266003875,0.8366336633663366,0.3811762264775426
mobilenetv3_small_100,contrast_high,0.8233126833279161,0.8646864686468647,0.9208276237884901
mobilenetv3_small_100,contrast_low,0.8304874158215871,0.8745874587458745,0.9184214034757513
mobilenetv3_small_100,jpeg_q12,0.7470070526283954,0.8613861386138614,0.8755215513280029
mobilenetv3_small_100,rotate15,0.9047042180053367,0.9174917491749174,0.9454920369707337
