arch,seed,precision,coverage,selective_accuracy
efficientnet_b0,1,fp32,0.024752475247524754,1.0
efficientnet_b0,1,fp32,0.04950495049504951,1.0
efficientnet_b0,1,fp32,0.07425742574257425,1.0
efficientnet_b0,1,fp32,0.09900990099009901,1.0
efficientnet_b0,1,fp32,0.12376237623762376,1.0
efficientnet_b0,1,fp32,0.1485148514851485,1.0
efficientnet_b0,1,fp32,0.17326732673267325,1.0
efficientnet_b0,1,fp32,0.19801980198019803,1.0
efficientnet_b0,1,fp32,0.22277227722772278,1.0
efficientnet_b0,1,fp32,0.24752475247524752,1.0
efficientnet_b0,1,fp32,0.2722772277227723,1.0
efficientnet_b0,1,fp32,0.297029702970297,1.0
efficientnet_b0,1,fp32,0.3217821782178218,1.0
efficientnet_b0,1,fp32,0.3465346534653465,1.0
efficientnet_b0,1,fp32,0.3712871287128713,1.0
efficientnet_b0,1,fp32,0.39603960396039606,1.0
efficientnet_b0,1,fp32,0.4207920792079208,1.0
efficientnet_b0,1,fp32,0.44554455445544555,1.0
efficientnet_b0,1,fp32,0.47029702970297027,1.0
efficientnet_b0,1,fp32,0.49504950495049505,1.0
efficientnet_b0,1,fp32,0.5198019801980198,1.0
efficientnet_b0,1,fp32,0.5445544554455446,1.0
efficientnet_b0,1,fp32,0.5693069306930693,0.991304347826087
efficientnet_b0,1,fp32,0.594059405940594,0.9833333333333333
efficientnet_b0,1,fp32,0.6188118811881188,0.984
efficientnet_b0,1,fp32,0.6435643564356436,0.9846153846153847
efficientnet_b0,1,fp32,0.6683168316831684,0.9851851851851852
efficientnet_b0,1,fp32,0.693069306930693,0.9857142857142858
efficientnet_b0,1,fp32,0.7178217821782178,0.9793103448275862
efficientnet_b0,1,fp32,0.7425742574257426,0.98
efficientnet_b0,1,fp32,0.7673267326732673,0.9806451612903225
efficientnet_b0,1,fp32,0.7920792079207921,0.98125
efficientnet_b0,1,fp32,0.8168316831683168,0.9757575757575757
efficientnet_b0,1,fp32,0.8415841584158416,0.9764705882352941
efficientnet_b0,1,fp32,0.8663366336633663,0.9657142857142857
efficientnet_b0,1,fp32,0.8910891089108911,0.95
efficientnet_b0,1,fp32,0.9158415841584159,0.9405405405405406
efficientnet_b0,1,fp32,0.9405940594059405,0.9263157894736842
efficientnet_b0,1,fp32,0.9653465346534653,0.9179487179487179
efficientnet_b0,1,fp32,0.9900990099009901,0.9
efficientnet_b0,2,fp32,0.024752475247524754,1.0
efficientnet_b0,2,fp32,0.04950495049504951,1.0
efficientnet_b0,2,fp32,0.07425742574257425,1.0
efficientnet_b0,2,fp32,0.09900990099009901,1.0
efficientnet_b0,2,fp32,0.12376237623762376,1.0
efficientnet_b0,2,fp32,0.1485148514851485,1.0
efficientnet_b0,2,fp32,0.17326732673267325,1.0
efficientnet_b0,2,fp32,0.19801980198019803,1.0
efficientnet_b0,2,fp32,0.22277227722772278,1.0
efficientnet_b0,2,fp32,0.24752475247524752,1.0
efficientnet_b0,2,fp32,0.2722772277227723,1.0
efficientnet_b0,2,fp32,0.297029702970297,1.0
efficientnet_b0,2,fp32,0.3217821782178218,1.0
efficientnet_b0,2,fp32,0.3465346534653465,1.0
efficientnet_b0,2,fp32,0.3712871287128713,1.0
efficientnet_b0,2,fp32,0.39603960396039606,1.0
efficientnet_b0,2,fp32,0.4207920792079208,1.0
efficientnet_b0,2,fp32,0.44554455445544555,1.0
efficientnet_b0,2,fp32,0.47029702970297027,1.0
efficientnet_b0,2,fp32,0.49504950495049505,1.0
efficientnet_b0,2,fp32,0.5198019801980198,1.0
efficientnet_b0,2,fp32,0.5445544554455446,1.0
efficientnet_b0,2,fp32,0.5693069306930693,1.0
efficientnet_b0,2,fp32,0.594059405940594,1.0
efficientnet_b0,2,fp32,0.6188118811881188,0.992
efficientnet_b0,2,fp32,0.6435643564356436,0.9923076923076923
efficientnet_b0,2,fp32,0.6683168316831684,0.9925925925925926
efficientnet_b0,2,fp32,0.693069306930693,0.9928571428571429
efficientnet_b0,2,fp32,0.7178217821782178,0.9862068965517241
efficientnet_b0,2,fp32,0.7425742574257426,0.9733333333333334
efficientnet_b0,2,fp32,0.7673267326732673,0.9612903225806452
efficientnet_b0,2,fp32,0.7920792079207921,0.9625
efficientnet_b0,2,fp32,0.8168316831683168,0.9636363636363636
efficientnet_b0,2,fp32,0.8415841584158416,0.9470588235294117
efficientnet_b0,2,fp32,0.8663366336633663,0.9371428571428572
efficientnet_b0,2,fp32,0.8910891089108911,0.9333333333333333
efficientnet_b0,2,fp32,0.9158415841584159,0.9297297297297298
efficientnet_b0,2,fp32,0.9405940594059405,0.9157894736842105
efficientnet_b0,2,fp32,0.9653465346534653,0.9025641025641026
efficientnet_b0,2,fp32,0.9900990099009901,0.885
efficientnet_b0,42,fp32,0.024752475247524754,1.0
efficientnet_b0,42,fp32,0.04950495049504951,1.0
efficientnet_b0,42,fp32,0.07425742574257425,1.0
efficientnet_b0,42,fp32,0.09900990099009901,1.0
efficientnet_b0,42,fp32,0.12376237623762376,1.0
efficientnet_b0,42,fp32,0.1485148514851485,1.0
efficientnet_b0,42,fp32,0.17326732673267325,1.0
efficientnet_b0,42,fp32,0.19801980198019803,1.0
efficientnet_b0,42,fp32,0.22277227722772278,1.0
efficientnet_b0,42,fp32,0.24752475247524752,1.0
efficientnet_b0,42,fp32,0.2722772277227723,1.0
efficientnet_b0,42,fp32,0.297029702970297,1.0
efficientnet_b0,42,fp32,0.3217821782178218,1.0
efficientnet_b0,42,fp32,0.3465346534653465,1.0
efficientnet_b0,42,fp32,0.3712871287128713,1.0
efficientnet_b0,42,fp32,0.39603960396039606,1.0
efficientnet_b0,42,fp32,0.4207920792079208,1.0
efficientnet_b0,42,fp32,0.44554455445544555,1.0
efficientnet_b0,42,fp32,0.47029702970297027,1.0
efficientnet_b0,42,fp32,0.49504950495049505,1.0
efficientnet_b0,42,fp32,0.5198019801980198,1.0
efficientnet_b0,42,fp32,0.5445544554455446,1.0
efficientnet_b0,42,fp32,0.5693069306930693,1.0
efficientnet_b0,42,fp32,0.594059405940594,1.0
efficientnet_b0,42,fp32,0.6188118811881188,1.0
efficientnet_b0,42,fp32,0.6435643564356436,1.0
efficientnet_b0,42,fp32,0.6683168316831684,1.0
efficientnet_b0,42,fp32,0.693069306930693,1.0
efficientnet_b0,42,fp32,0.7178217821782178,1.0
efficientnet_b0,42,fp32,0.7425742574257426,1.0
efficientnet_b0,42,fp32,0.7673267326732673,1.0
efficientnet_b0,42,fp32,0.7920792079207921,0.99375
efficientnet_b0,42,fp32,0.8168316831683168,0.9878787878787879
efficientnet_b0,42,fp32,0.8415841584158416,0.9764705882352941
efficientnet_b0,42,fp32,0.8663366336633663,0.9714285714285714
efficientnet_b0,42,fp32,0.8910891089108911,0.9722222222222222
efficientnet_b0,42,fp32,0.9158415841584159,0.9675675675675676
efficientnet_b0,42,fp32,0.9405940594059405,0.9578947368421052
efficientnet_b0,42,fp32,0.9653465346534653,0.9538461538461539
efficientnet_b0,42,fp32,0.9900990099009901,0.945
efficientnet_b0,42,int8,0.024752475247524754,1.0
efficientnet_b0,42,int8,0.04950495049504951,1.0
efficientnet_b0,42,int8,0.07425742574257425,0.9333333333333333
efficientnet_b0,42,int8,0.09900990099009901,0.95
efficientnet_b0,42,int8,0.12376237623762376,0.88
efficientnet_b0,42,int8,0.1485148514851485,0.8666666666666667
efficientnet_b0,42,int8,0.17326732673267325,0.8857142857142857
efficientnet_b0,42,int8,0.19801980198019803,0.9
efficientnet_b0,42,int8,0.22277227722772278,0.8666666666666667
efficientnet_b0,42,int8,0.24752475247524752,0.84
efficientnet_b0,42,int8,0.2722772277227723,0.8181818181818182
efficientnet_b0,42,int8,0.297029702970297,0.8333333333333334
efficientnet_b0,42,int8,0.3217821782178218,0.8461538461538461
efficientnet_b0,42,int8,0.3465346534653465,0.8571428571428571
efficientnet_b0,42,int8,0.3712871287128713,0.84
efficientnet_b0,42,int8,0.39603960396039606,0.8125
efficientnet_b0,42,int8,0.4207920792079208,0.8235294117647058
efficientnet_b0,42,int8,0.44554455445544555,0.8
efficientnet_b0,42,int8,0.47029702970297027,0.7894736842105263
efficientnet_b0,42,int8,0.49504950495049505,0.79
efficientnet_b0,42,int8,0.5198019801980198,0.7714285714285715
efficientnet_b0,42,int8,0.5445544554455446,0.7636363636363637
efficientnet_b0,42,int8,0.5693069306930693,0.7739130434782608
efficientnet_b0,42,int8,0.594059405940594,0.7583333333333333
efficientnet_b0,42,int8,0.6188118811881188,0.752
efficientnet_b0,42,int8,0.6435643564356436,0.7538461538461538
efficientnet_b0,42,int8,0.6683168316831684,0.7555555555555555
efficientnet_b0,42,int8,0.693069306930693,0.7571428571428571
efficientnet_b0,42,int8,0.7178217821782178,0.7517241379310344
efficientnet_b0,42,int8,0.7425742574257426,0.7466666666666667
efficientnet_b0,42,int8,0.7673267326732673,0.7354838709677419
efficientnet_b0,42,int8,0.7920792079207921,0.73125
efficientnet_b0,42,int8,0.8168316831683168,0.7272727272727273
efficientnet_b0,42,int8,0.8415841584158416,0.7294117647058823
efficientnet_b0,42,int8,0.8663366336633663,0.7085714285714285
efficientnet_b0,42,int8,0.8910891089108911,0.7
efficientnet_b0,42,int8,0.9158415841584159,0.6972972972972973
efficientnet_b0,42,int8,0.9405940594059405,0.6947368421052632
efficientnet_b0,42,int8,0.9653465346534653,0.6820512820512821
efficientnet_b0,42,int8,0.9900990099009901,0.67
efficientnet_lite0,1,fp32,0.024752475247524754,1.0
efficientnet_lite0,1,fp32,0.04950495049504951,1.0
efficientnet_lite0,1,fp32,0.07425742574257425,1.0
efficientnet_lite0,1,fp32,0.09900990099009901,1.0
efficientnet_lite0,1,fp32,0.12376237623762376,1.0
efficientnet_lite0,1,fp32,0.1485148514851485,1.0
efficientnet_lite0,1,fp32,0.17326732673267325,1.0
efficientnet_lite0,1,fp32,0.19801980198019803,1.0
efficientnet_lite0,1,fp32,0.22277227722772278,1.0
efficientnet_lite0,1,fp32,0.24752475247524752,1.0
efficientnet_lite0,1,fp32,0.2722772277227723,1.0
efficientnet_lite0,1,fp32,0.297029702970297,1.0
efficientnet_lite0,1,fp32,0.3217821782178218,1.0
efficientnet_lite0,1,fp32,0.3465346534653465,1.0
efficientnet_lite0,1,fp32,0.3712871287128713,1.0
efficientnet_lite0,1,fp32,0.39603960396039606,1.0
efficientnet_lite0,1,fp32,0.4207920792079208,1.0
efficientnet_lite0,1,fp32,0.44554455445544555,1.0
efficientnet_lite0,1,fp32,0.47029702970297027,0.9894736842105263
efficientnet_lite0,1,fp32,0.49504950495049505,0.99
efficientnet_lite0,1,fp32,0.5198019801980198,0.9904761904761905
efficientnet_lite0,1,fp32,0.5445544554455446,0.990909090909091
efficientnet_lite0,1,fp32,0.5693069306930693,0.991304347826087
efficientnet_lite0,1,fp32,0.594059405940594,0.9916666666666667
efficientnet_lite0,1,fp32,0.6188118811881188,0.992
efficientnet_lite0,1,fp32,0.6435643564356436,0.9923076923076923
efficientnet_lite0,1,fp32,0.6683168316831684,0.9925925925925926
efficientnet_lite0,1,fp32,0.693069306930693,0.9857142857142858
efficientnet_lite0,1,fp32,0.7178217821782178,0.9862068965517241
efficientnet_lite0,1,fp32,0.7425742574257426,0.9733333333333334
efficientnet_lite0,1,fp32,0.7673267326732673,0.9741935483870968
efficientnet_lite0,1,fp32,0.7920792079207921,0.975
efficientnet_lite0,1,fp32,0.8168316831683168,0.9636363636363636
efficientnet_lite0,1,fp32,0.8415841584158416,0.9647058823529412
efficientnet_lite0,1,fp32,0.8663366336633663,0.9657142857142857
efficientnet_lite0,1,fp32,0.8910891089108911,0.9555555555555556
efficientnet_lite0,1,fp32,0.9158415841584159,0.9513513513513514
efficientnet_lite0,1,fp32,0.9405940594059405,0.9526315789473684
efficientnet_lite0,1,fp32,0.9653465346534653,0.9384615384615385
efficientnet_lite0,1,fp32,0.9900990099009901,0.925
efficientnet_lite0,2,fp32,0.024752475247524754,1.0
efficientnet_lite0,2,fp32,0.04950495049504951,1.0
efficientnet_lite0,2,fp32,0.07425742574257425,1.0
efficientnet_lite0,2,fp32,0.09900990099009901,1.0
efficientnet_lite0,2,fp32,0.12376237623762376,1.0
efficientnet_lite0,2,fp32,0.1485148514851485,1.0
efficientnet_lite0,2,fp32,0.17326732673267325,1.0
efficientnet_lite0,2,fp32,0.19801980198019803,1.0
efficientnet_lite0,2,fp32,0.22277227722772278,1.0
efficientnet_lite0,2,fp32,0.24752475247524752,1.0
efficientnet_lite0,2,fp32,0.2722772277227723,1.0
efficientnet_lite0,2,fp32,0.297029702970297,1.0
efficientnet_lite0,2,fp32,0.3217821782178218,1.0
efficientnet_lite0,2,fp32,0.3465346534653465,1.0
efficientnet_lite0,2,fp32,0.3712871287128713,1.0
efficientnet_lite0,2,fp32,0.39603960396039606,1.0
efficientnet_lite0,2,fp32,0.4207920792079208,1.0
efficientnet_lite0,2,fp32,0.44554455445544555,1.0
efficientnet_lite0,2,fp32,0.47029702970297027,0.9894736842105263
efficientnet_lite0,2,fp32,0.49504950495049505,0.99
efficientnet_lite0,2,fp32,0.5198019801980198,0.9904761904761905
efficientnet_lite0,2,fp32,0.5445544554455446,0.990909090909091
efficientnet_lite0,2,fp32,0.5693069306930693,0.991304347826087
efficientnet_lite0,2,fp32,0.594059405940594,0.9916666666666667
efficientnet_lite0,2,fp32,0.6188118811881188,0.992
efficientnet_lite0,2,fp32,0.6435643564356436,0.9846153846153847
efficientnet_lite0,2,fp32,0.6683168316831684,0.9851851851851852
efficientnet_lite0,2,fp32,0.693069306930693,0.9785714285714285
efficientnet_lite0,2,fp32,0.7178217821782178,0.9724137931034482
efficientnet_lite0,2,fp32,0.7425742574257426,0.9733333333333334
efficientnet_lite0,2,fp32,0.7673267326732673,0.9612903225806452
efficientnet_lite0,2,fp32,0.7920792079207921,0.95625
efficientnet_lite0,2,fp32,0.8168316831683168,0.9454545454545454
efficientnet_lite0,2,fp32,0.8415841584158416,0.9352941176470588
efficientnet_lite0,2,fp32,0.8663366336633663,0.9314285714285714
efficientnet_lite0,2,fp32,0.8910891089108911,0.9277777777777778
efficientnet_lite0,2,fp32,0.9158415841584159,0.9243243243243243
efficientnet_lite0,2,fp32,0.9405940594059405,0.9263157894736842
efficientnet_lite0,2,fp32,0.9653465346534653,0.9282051282051282
efficientnet_lite0,2,fp32,0.9900990099009901,0.915
efficientnet_lite0,42,fp32,0.024752475247524754,1.0
efficientnet_lite0,42,fp32,0.04950495049504951,1.0
efficientnet_lite0,42,fp32,0.07425742574257425,1.0
efficientnet_lite0,42,fp32,0.09900990099009901,1.0
efficientnet_lite0,42,fp32,0.12376237623762376,1.0
efficientnet_lite0,42,fp32,0.1485148514851485,1.0
efficientnet_lite0,42,fp32,0.17326732673267325,1.0
efficientnet_lite0,42,fp32,0.19801980198019803,1.0
efficientnet_lite0,42,fp32,0.22277227722772278,1.0
efficientnet_lite0,42,fp32,0.24752475247524752,1.0
efficientnet_lite0,42,fp32,0.2722772277227723,1.0
efficientnet_lite0,42,fp32,0.297029702970297,1.0
efficientnet_lite0,42,fp32,0.3217821782178218,1.0
efficientnet_lite0,42,fp32,0.3465346534653465,1.0
efficientnet_lite0,42,fp32,0.3712871287128713,1.0
efficientnet_lite0,42,fp32,0.39603960396039606,1.0
efficientnet_lite0,42,fp32,0.4207920792079208,1.0
efficientnet_lite0,42,fp32,0.44554455445544555,1.0
efficientnet_lite0,42,fp32,0.47029702970297027,1.0
efficientnet_lite0,42,fp32,0.49504950495049505,1.0
efficientnet_lite0,42,fp32,0.5198019801980198,1.0
efficientnet_lite0,42,fp32,0.5445544554455446,0.990909090909091
efficientnet_lite0,42,fp32,0.5693069306930693,0.991304347826087
efficientnet_lite0,42,fp32,0.594059405940594,0.9833333333333333
efficientnet_lite0,42,fp32,0.6188118811881188,0.984
efficientnet_lite0,42,fp32,0.6435643564356436,0.9846153846153847
efficientnet_lite0,42,fp32,0.6683168316831684,0.9851851851851852
efficientnet_lite0,42,fp32,0.693069306930693,0.9857142857142858
efficientnet_lite0,42,fp32,0.7178217821782178,0.9862068965517241
efficientnet_lite0,42,fp32,0.7425742574257426,0.9866666666666667
efficientnet_lite0,42,fp32,0.7673267326732673,0.9806451612903225
efficientnet_lite0,42,fp32,0.7920792079207921,0.975
efficientnet_lite0,42,fp32,0.8168316831683168,0.9696969696969697
efficientnet_lite0,42,fp32,0.8415841584158416,0.9647058823529412
efficientnet_lite0,42,fp32,0.8663366336633663,0.96
efficientnet_lite0,42,fp32,0.8910891089108911,0.9555555555555556
efficientnet_lite0,42,fp32,0.9158415841584159,0.9513513513513514
efficientnet_lite0,42,fp32,0.9405940594059405,0.9421052631578948
efficientnet_lite0,42,fp32,0.9653465346534653,0.9435897435897436
efficientnet_lite0,42,fp32,0.9900990099009901,0.94
efficientnet_lite0,42,int8,0.024752475247524754,1.0
efficientnet_lite0,42,int8,0.04950495049504951,1.0
efficientnet_lite0,42,int8,0.07425742574257425,1.0
efficientnet_lite0,42,int8,0.09900990099009901,1.0
efficientnet_lite0,42,int8,0.12376237623762376,1.0
efficientnet_lite0,42,int8,0.1485148514851485,1.0
efficientnet_lite0,42,int8,0.17326732673267325,1.0
efficientnet_lite0,42,int8,0.19801980198019803,1.0
efficientnet_lite0,42,int8,0.22277227722772278,1.0
efficientnet_lite0,42,int8,0.24752475247524752,1.0
efficientnet_lite0,42,int8,0.2722772277227723,1.0
efficientnet_lite0,42,int8,0.297029702970297,1.0
efficientnet_lite0,42,int8,0.3217821782178218,1.0
efficientnet_lite0,42,int8,0.3465346534653465,1.0
efficientnet_lite0,42,int8,0.3712871287128713,1.0
efficientnet_lite0,42,int8,0.39603960396039606,1.0
efficientnet_lite0,42,int8,0.4207920792079208,1.0
efficientnet_lite0,42,int8,0.44554455445544555,0.9888888888888889
efficientnet_lite0,42,int8,0.47029702970297027,0.9894736842105263
efficientnet_lite0,42,int8,0.49504950495049505,0.99
efficientnet_lite0,42,int8,0.5198019801980198,0.9904761904761905
efficientnet_lite0,42,int8,0.5445544554455446,0.990909090909091
efficientnet_lite0,42,int8,0.5693069306930693,0.991304347826087
efficientnet_lite0,42,int8,0.594059405940594,0.9833333333333333
efficientnet_lite0,42,int8,0.6188118811881188,0.984
efficientnet_lite0,42,int8,0.6435643564356436,0.9846153846153847
efficientnet_lite0,42,int8,0.6683168316831684,0.9851851851851852
efficientnet_lite0,42,int8,0.693069306930693,0.9857142857142858
efficientnet_lite0,42,int8,0.7178217821782178,0.9862068965517241
efficientnet_lite0,42,int8,0.7425742574257426,0.98
efficientnet_lite0,42,int8,0.7673267326732673,0.9741935483870968
efficientnet_lite0,42,int8,0.7920792079207921,0.975
efficientnet_lite0,42,int8,0.8168316831683168,0.9757575757575757
efficientnet_lite0,42,int8,0.8415841584158416,0.9705882352941176
efficientnet_lite0,42,int8,0.8663366336633663,0.9542857142857143
efficientnet_lite0,42,int8,0.8910891089108911,0.9555555555555556
efficientnet_lite0,42,int8,0.9158415841584159,0.9459459459459459
efficientnet_lite0,42,int8,0.9405940594059405,0.9315789473684211
efficientnet_lite0,42,int8,0.9653465346534653,0.9179487179487179
efficientnet_lite0,42,int8,0.9900990099009901,0.91
mobilenetv3_large_100,1,fp32,0.024752475247524754,1.0
mobilenetv3_large_100,1,fp32,0.04950495049504951,1.0
mobilenetv3_large_100,1,fp32,0.07425742574257425,1.0
mobilenetv3_large_100,1,fp32,0.09900990099009901,1.0
mobilenetv3_large_100,1,fp32,0.12376237623762376,1.0
mobilenetv3_large_100,1,fp32,0.1485148514851485,1.0
mobilenetv3_large_100,1,fp32,0.17326732673267325,1.0
mobilenetv3_large_100,1,fp32,0.19801980198019803,1.0
mobilenetv3_large_100,1,fp32,0.22277227722772278,1.0
mobilenetv3_large_100,1,fp32,0.24752475247524752,1.0
mobilenetv3_large_100,1,fp32,0.2722772277227723,1.0
mobilenetv3_large_100,1,fp32,0.297029702970297,1.0
mobilenetv3_large_100,1,fp32,0.3217821782178218,1.0
mobilenetv3_large_100,1,fp32,0.3465346534653465,1.0
mobilenetv3_large_100,1,fp32,0.3712871287128713,1.0
mobilenetv3_large_100,1,fp32,0.39603960396039606,1.0
mobilenetv3_large_100,1,fp32,0.4207920792079208,1.0
mobilenetv3_large_100,1,fp32,0.44554455445544555,1.0
mobilenetv3_large_100,1,fp32,0.47029702970297027,1.0
mobilenetv3_large_100,1,fp32,0.49504950495049505,1.0
mobilenetv3_large_100,1,fp32,0.5198019801980198,0.9904761904761905
mobilenetv3_large_100,1,fp32,0.5445544554455446,0.990909090909091
mobilenetv3_large_100,1,fp32,0.5693069306930693,0.991304347826087
mobilenetv3_large_100,1,fp32,0.594059405940594,0.9916666666666667
mobilenetv3_large_100,1,fp32,0.6188118811881188,0.984
mobilenetv3_large_100,1,fp32,0.6435643564356436,0.9846153846153847
mobilenetv3_large_100,1,fp32,0.6683168316831684,0.9777777777777777
mobilenetv3_large_100,1,fp32,0.693069306930693,0.9785714285714285
mobilenetv3_large_100,1,fp32,0.7178217821782178,0.9793103448275862
mobilenetv3_large_100,1,fp32,0.7425742574257426,0.9733333333333334
mobilenetv3_large_100,1,fp32,0.7673267326732673,0.967741935483871
mobilenetv3_large_100,1,fp32,0.7920792079207921,0.96875
mobilenetv3_large_100,1,fp32,0.8168316831683168,0.9636363636363636
mobilenetv3_large_100,1,fp32,0.8415841584158416,0.9647058823529412
mobilenetv3_large_100,1,fp32,0.8663366336633663,0.9657142857142857
mobilenetv3_large_100,1,fp32,0.8910891089108911,0.9666666666666667
mobilenetv3_large_100,1,fp32,0.9158415841584159,0.9621621621621622
mobilenetv3_large_100,1,fp32,0.9405940594059405,0.9368421052631579
mobilenetv3_large_100,1,fp32,0.9653465346534653,0.9333333333333333
mobilenetv3_large_100,1,fp32,0.9900990099009901,0.925
mobilenetv3_large_100,2,fp32,0.024752475247524754,1.0
mobilenetv3_large_100,2,fp32,0.04950495049504951,1.0
mobilenetv3_large_100,2,fp32,0.07425742574257425,1.0
mobilenetv3_large_100,2,fp32,0.09900990099009901,1.0
mobilenetv3_large_100,2,fp32,0.12376237623762376,1.0
mobilenetv3_large_100,2,fp32,0.1485148514851485,1.0
mobilenetv3_large_100,2,fp32,0.17326732673267325,1.0
mobilenetv3_large_100,2,fp32,0.19801980198019803,1.0
mobilenetv3_large_100,2,fp32,0.22277227722772278,1.0
mobilenetv3_large_100,2,fp32,0.24752475247524752,1.0
mobilenetv3_large_100,2,fp32,0.2722772277227723,1.0
mobilenetv3_large_100,2,fp32,0.297029702970297,1.0
mobilenetv3_large_100,2,fp32,0.3217821782178218,1.0
mobilenetv3_large_100,2,fp32,0.3465346534653465,1.0
mobilenetv3_large_100,2,fp32,0.3712871287128713,1.0
mobilenetv3_large_100,2,fp32,0.39603960396039606,1.0
mobilenetv3_large_100,2,fp32,0.4207920792079208,1.0
mobilenetv3_large_100,2,fp32,0.44554455445544555,1.0
mobilenetv3_large_100,2,fp32,0.47029702970297027,1.0
mobilenetv3_large_100,2,fp32,0.49504950495049505,1.0
mobilenetv3_large_100,2,fp32,0.5198019801980198,1.0
mobilenetv3_large_100,2,fp32,0.5445544554455446,1.0
mobilenetv3_large_100,2,fp32,0.5693069306930693,1.0
mobilenetv3_large_100,2,fp32,0.594059405940594,1.0
mobilenetv3_large_100,2,fp32,0.6188118811881188,1.0
mobilenetv3_large_100,2,fp32,0.6435643564356436,1.0
mobilenetv3_large_100,2,fp32,0.6683168316831684,1.0
mobilenetv3_large_100,2,fp32,0.693069306930693,0.9928571428571429
mobilenetv3_large_100,2,fp32,0.7178217821782178,0.993103448275862
mobilenetv3_large_100,2,fp32,0.7425742574257426,0.9933333333333333
mobilenetv3_large_100,2,fp32,0.7673267326732673,0.9806451612903225
mobilenetv3_large_100,2,fp32,0.7920792079207921,0.975
mobilenetv3_large_100,2,fp32,0.8168316831683168,0.9757575757575757
mobilenetv3_large_100,2,fp32,0.8415841584158416,0.9764705882352941
mobilenetv3_large_100,2,fp32,0.8663366336633663,0.9657142857142857
mobilenetv3_large_100,2,fp32,0.8910891089108911,0.95
mobilenetv3_large_100,2,fp32,0.9158415841584159,0.9405405405405406
mobilenetv3_large_100,2,fp32,0.9405940594059405,0.9421052631578948
mobilenetv3_large_100,2,fp32,0.9653465346534653,0.9333333333333333
mobilenetv3_large_100,2,fp32,0.9900990099009901,0.92
mobilenetv3_large_100,42,fp32,0.024752475247524754,1.0
mobilenetv3_large_100,42,fp32,0.04950495049504951,1.0
mobilenetv3_large_100,42,fp32,0.07425742574257425,1.0
mobilenetv3_large_100,42,fp32,0.09900990099009901,1.0
mobilenetv3_large_100,42,fp32,0.12376237623762376,1.0
mobilenetv3_large_100,42,fp32,0.1485148514851485,1.0
mobilenetv3_large_100,42,fp32,0.17326732673267325,1.0
mobilenetv3_large_100,42,fp32,0.19801980198019803,1.0
mobilenetv3_large_100,42,fp32,0.22277227722772278,1.0
mobilenetv3_large_100,42,fp32,0.24752475247524752,1.0
mobilenetv3_large_100,42,fp32,0.2722772277227723,1.0
mobilenetv3_large_100,42,fp32,0.297029702970297,1.0
mobilenetv3_large_100,42,fp32,0.3217821782178218,1.0
mobilenetv3_large_100,42,fp32,0.3465346534653465,1.0
mobilenetv3_large_100,42,fp32,0.3712871287128713,1.0
mobilenetv3_large_100,42,fp32,0.39603960396039606,1.0
mobilenetv3_large_100,42,fp32,0.4207920792079208,1.0
mobilenetv3_large_100,42,fp32,0.44554455445544555,1.0
mobilenetv3_large_100,42,fp32,0.47029702970297027,1.0
mobilenetv3_large_100,42,fp32,0.49504950495049505,1.0
mobilenetv3_large_100,42,fp32,0.5198019801980198,0.9904761904761905
mobilenetv3_large_100,42,fp32,0.5445544554455446,0.990909090909091
mobilenetv3_large_100,42,fp32,0.5693069306930693,0.991304347826087
mobilenetv3_large_100,42,fp32,0.594059405940594,0.9916666666666667
mobilenetv3_large_100,42,fp32,0.6188118811881188,0.992
mobilenetv3_large_100,42,fp32,0.6435643564356436,0.9923076923076923
mobilenetv3_large_100,42,fp32,0.6683168316831684,0.9925925925925926
mobilenetv3_large_100,42,fp32,0.693069306930693,0.9928571428571429
mobilenetv3_large_100,42,fp32,0.7178217821782178,0.993103448275862
mobilenetv3_large_100,42,fp32,0.7425742574257426,0.9933333333333333
mobilenetv3_large_100,42,fp32,0.7673267326732673,0.9935483870967742
mobilenetv3_large_100,42,fp32,0.7920792079207921,0.99375
mobilenetv3_large_100,42,fp32,0.8168316831683168,0.9878787878787879
mobilenetv3_large_100,42,fp32,0.8415841584158416,0.9764705882352941
mobilenetv3_large_100,42,fp32,0.8663366336633663,0.9714285714285714
mobilenetv3_large_100,42,fp32,0.8910891089108911,0.9555555555555556
mobilenetv3_large_100,42,fp32,0.9158415841584159,0.9513513513513514
mobilenetv3_large_100,42,fp32,0.9405940594059405,0.9473684210526315
mobilenetv3_large_100,42,fp32,0.9653465346534653,0.9384615384615385
mobilenetv3_large_100,42,fp32,0.9900990099009901,0.925
mobilenetv3_large_100,42,int8,0.024752475247524754,1.0
mobilenetv3_large_100,42,int8,0.04950495049504951,1.0
mobilenetv3_large_100,42,int8,0.07425742574257425,1.0
mobilenetv3_large_100,42,int8,0.09900990099009901,1.0
mobilenetv3_large_100,42,int8,0.12376237623762376,1.0
mobilenetv3_large_100,42,int8,0.1485148514851485,1.0
mobilenetv3_large_100,42,int8,0.17326732673267325,1.0
mobilenetv3_large_100,42,int8,0.19801980198019803,1.0
mobilenetv3_large_100,42,int8,0.22277227722772278,1.0
mobilenetv3_large_100,42,int8,0.24752475247524752,1.0
mobilenetv3_large_100,42,int8,0.2722772277227723,1.0
mobilenetv3_large_100,42,int8,0.297029702970297,1.0
mobilenetv3_large_100,42,int8,0.3217821782178218,1.0
mobilenetv3_large_100,42,int8,0.3465346534653465,1.0
mobilenetv3_large_100,42,int8,0.3712871287128713,1.0
mobilenetv3_large_100,42,int8,0.39603960396039606,1.0
mobilenetv3_large_100,42,int8,0.4207920792079208,0.9882352941176471
mobilenetv3_large_100,42,int8,0.44554455445544555,0.9888888888888889
mobilenetv3_large_100,42,int8,0.47029702970297027,0.9894736842105263
mobilenetv3_large_100,42,int8,0.49504950495049505,0.99
mobilenetv3_large_100,42,int8,0.5198019801980198,0.9809523809523809
mobilenetv3_large_100,42,int8,0.5445544554455446,0.9818181818181818
mobilenetv3_large_100,42,int8,0.5693069306930693,0.9739130434782609
mobilenetv3_large_100,42,int8,0.594059405940594,0.975
mobilenetv3_large_100,42,int8,0.6188118811881188,0.96
mobilenetv3_large_100,42,int8,0.6435643564356436,0.9461538461538461
mobilenetv3_large_100,42,int8,0.6683168316831684,0.9481481481481482
mobilenetv3_large_100,42,int8,0.693069306930693,0.9285714285714286
mobilenetv3_large_100,42,int8,0.7178217821782178,0.9241379310344827
mobilenetv3_large_100,42,int8,0.7425742574257426,0.9133333333333333
mobilenetv3_large_100,42,int8,0.7673267326732673,0.9032258064516129
mobilenetv3_large_100,42,int8,0.7920792079207921,0.89375
mobilenetv3_large_100,42,int8,0.8168316831683168,0.8787878787878788
mobilenetv3_large_100,42,int8,0.8415841584158416,0.8705882352941177
mobilenetv3_large_100,42,int8,0.8663366336633663,0.8685714285714285
mobilenetv3_large_100,42,int8,0.8910891089108911,0.8555555555555555
mobilenetv3_large_100,42,int8,0.9158415841584159,0.8486486486486486
mobilenetv3_large_100,42,int8,0.9405940594059405,0.8368421052631579
mobilenetv3_large_100,42,int8,0.9653465346534653,0.8256410256410256
mobilenetv3_large_100,42,int8,0.9900990099009901,0.815
mobilenetv3_small_100,1,fp32,0.024752475247524754,1.0
mobilenetv3_small_100,1,fp32,0.04950495049504951,1.0
mobilenetv3_small_100,1,fp32,0.07425742574257425,1.0
mobilenetv3_small_100,1,fp32,0.09900990099009901,1.0
mobilenetv3_small_100,1,fp32,0.12376237623762376,1.0
mobilenetv3_small_100,1,fp32,0.1485148514851485,1.0
mobilenetv3_small_100,1,fp32,0.17326732673267325,1.0
mobilenetv3_small_100,1,fp32,0.19801980198019803,1.0
mobilenetv3_small_100,1,fp32,0.22277227722772278,1.0
mobilenetv3_small_100,1,fp32,0.24752475247524752,1.0
mobilenetv3_small_100,1,fp32,0.2722772277227723,1.0
mobilenetv3_small_100,1,fp32,0.297029702970297,1.0
mobilenetv3_small_100,1,fp32,0.3217821782178218,1.0
mobilenetv3_small_100,1,fp32,0.3465346534653465,1.0
mobilenetv3_small_100,1,fp32,0.3712871287128713,1.0
mobilenetv3_small_100,1,fp32,0.39603960396039606,1.0
mobilenetv3_small_100,1,fp32,0.4207920792079208,1.0
mobilenetv3_small_100,1,fp32,0.44554455445544555,1.0
mobilenetv3_small_100,1,fp32,0.47029702970297027,1.0
mobilenetv3_small_100,1,fp32,0.49504950495049505,1.0
mobilenetv3_small_100,1,fp32,0.5198019801980198,1.0
mobilenetv3_small_100,1,fp32,0.5445544554455446,1.0
mobilenetv3_small_100,1,fp32,0.5693069306930693,1.0
mobilenetv3_small_100,1,fp32,0.594059405940594,1.0
mobilenetv3_small_100,1,fp32,0.6188118811881188,1.0
mobilenetv3_small_100,1,fp32,0.6435643564356436,1.0
mobilenetv3_small_100,1,fp32,0.6683168316831684,0.9925925925925926
mobilenetv3_small_100,1,fp32,0.693069306930693,0.9928571428571429
mobilenetv3_small_100,1,fp32,0.7178217821782178,0.993103448275862
mobilenetv3_small_100,1,fp32,0.7425742574257426,0.9933333333333333
mobilenetv3_small_100,1,fp32,0.7673267326732673,0.9870967741935484
mobilenetv3_small_100,1,fp32,0.7920792079207921,0.9875
mobilenetv3_small_100,1,fp32,0.8168316831683168,0.9878787878787879
mobilenetv3_small_100,1,fp32,0.8415841584158416,0.9882352941176471
mobilenetv3_small_100,1,fp32,0.8663366336633663,0.9828571428571429
mobilenetv3_small_100,1,fp32,0.8910891089108911,0.9833333333333333
mobilenetv3_small_100,1,fp32,0.9158415841584159,0.9783783783783784
mobilenetv3_small_100,1,fp32,0.9405940594059405,0.968421052631579
mobilenetv3_small_100,1,fp32,0.9653465346534653,0.9641025641025641
mobilenetv3_small_100,1,fp32,0.9900990099009901,0.96
mobilenetv3_small_100,2,fp32,0.024752475247524754,1.0
mobilenetv3_small_100,2,fp32,0.04950495049504951,1.0
mobilenetv3_small_100,2,fp32,0.07425742574257425,1.0
mobilenetv3_small_100,2,fp32,0.09900990099009901,1.0
mobilenetv3_small_100,2,fp32,0.12376237623762376,1.0
mobilenetv3_small_100,2,fp32,0.1485148514851485,1.0
mobilenetv3_small_100,2,fp32,0.17326732673267325,1.0
mobilenetv3_small_100,2,fp32,0.19801980198019803,1.0
mobilenetv3_small_100,2,fp32,0.22277227722772278,1.0
mobilenetv3_small_100,2,fp32,0.24752475247524752,1.0
mobilenetv3_small_100,2,fp32,0.2722772277227723,1.0
mobilenetv3_small_100,2,fp32,0.297029702970297,1.0
mobilenetv3_small_100,2,fp32,0.3217821782178218,1.0
mobilenetv3_small_100,2,fp32,0.3465346534653465,1.0
mobilenetv3_small_100,2,fp32,0.3712871287128713,1.0
mobilenetv3_small_100,2,fp32,0.39603960396039606,1.0
mobilenetv3_small_100,2,fp32,0.4207920792079208,1.0
mobilenetv3_small_100,2,fp32,0.44554455445544555,1.0
mobilenetv3_small_100,2,fp32,0.47029702970297027,1.0
mobilenetv3_small_100,2,fp32,0.49504950495049505,1.0
mobilenetv3_small_100,2,fp32,0.5198019801980198,1.0
mobilenetv3_small_100,2,fp32,0.5445544554455446,1.0
mobilenetv3_small_100,2,fp32,0.5693069306930693,1.0
mobilenetv3_small_100,2,fp32,0.594059405940594,0.9916666666666667
mobilenetv3_small_100,2,fp32,0.6188118811881188,0.992
mobilenetv3_small_100,2,fp32,0.6435643564356436,0.9923076923076923
mobilenetv3_small_100,2,fp32,0.6683168316831684,0.9851851851851852
mobilenetv3_small_100,2,fp32,0.693069306930693,0.9857142857142858
mobilenetv3_small_100,2,fp32,0.7178217821782178,0.9793103448275862
mobilenetv3_small_100,2,fp32,0.7425742574257426,0.98
mobilenetv3_small_100,2,fp32,0.7673267326732673,0.967741935483871
mobilenetv3_small_100,2,fp32,0.7920792079207921,0.95625
mobilenetv3_small_100,2,fp32,0.8168316831683168,0.9393939393939394
mobilenetv3_small_100,2,fp32,0.8415841584158416,0.9294117647058824
mobilenetv3_small_100,2,fp32,0.8663366336633663,0.9314285714285714
mobilenetv3_small_100,2,fp32,0.8910891089108911,0.9277777777777778
mobilenetv3_small_100,2,fp32,0.9158415841584159,0.9297297297297298
mobilenetv3_small_100,2,fp32,0.9405940594059405,0.9263157894736842
mobilenetv3_small_100,2,fp32,0.9653465346534653,0.9128205128205128
mobilenetv3_small_100,2,fp32,0.9900990099009901,0.89
mobilenetv3_small_100,42,fp32,0.024752475247524754,1.0
mobilenetv3_small_100,42,fp32,0.04950495049504951,1.0
mobilenetv3_small_100,42,fp32,0.07425742574257425,1.0
mobilenetv3_small_100,42,fp32,0.09900990099009901,1.0
mobilenetv3_small_100,42,fp32,0.12376237623762376,1.0
mobilenetv3_small_100,42,fp32,0.1485148514851485,1.0
mobilenetv3_small_100,42,fp32,0.17326732673267325,1.0
mobilenetv3_small_100,42,fp32,0.19801980198019803,1.0
mobilenetv3_small_100,42,fp32,0.22277227722772278,1.0
mobilenetv3_small_100,42,fp32,0.24752475247524752,1.0
mobilenetv3_small_100,42,fp32,0.2722772277227723,1.0
mobilenetv3_small_100,42,fp32,0.297029702970297,1.0
mobilenetv3_small_100,42,fp32,0.3217821782178218,1.0
mobilenetv3_small_100,42,fp32,0.3465346534653465,1.0
mobilenetv3_small_100,42,fp32,0.3712871287128713,1.0
mobilenetv3_small_100,42,fp32,0.39603960396039606,1.0
mobilenetv3_small_100,42,fp32,0.4207920792079208,1.0
mobilenetv3_small_100,42,fp32,0.44554455445544555,1.0
mobilenetv3_small_100,42,fp32,0.47029702970297027,1.0
mobilenetv3_small_100,42,fp32,0.49504950495049505,1.0
mobilenetv3_small_100,42,fp32,0.5198019801980198,1.0
mobilenetv3_small_100,42,fp32,0.5445544554455446,1.0
mobilenetv3_small_100,42,fp32,0.5693069306930693,1.0
mobilenetv3_small_100,42,fp32,0.594059405940594,1.0
mobilenetv3_small_100,42,fp32,0.6188118811881188,1.0
mobilenetv3_small_100,42,fp32,0.6435643564356436,1.0
mobilenetv3_small_100,42,fp32,0.6683168316831684,1.0
mobilenetv3_small_100,42,fp32,0.693069306930693,0.9928571428571429
mobilenetv3_small_100,42,fp32,0.7178217821782178,0.993103448275862
mobilenetv3_small_100,42,fp32,0.7425742574257426,0.9866666666666667
mobilenetv3_small_100,42,fp32,0.7673267326732673,0.9806451612903225
mobilenetv3_small_100,42,fp32,0.7920792079207921,0.98125
mobilenetv3_small_100,42,fp32,0.8168316831683168,0.9818181818181818
mobilenetv3_small_100,42,fp32,0.8415841584158416,0.9823529411764705
mobilenetv3_small_100,42,fp32,0.8663366336633663,0.9828571428571429
mobilenetv3_small_100,42,fp32,0.8910891089108911,0.9722222222222222
mobilenetv3_small_100,42,fp32,0.9158415841584159,0.9675675675675676
mobilenetv3_small_100,42,fp32,0.9405940594059405,0.9578947368421052
mobilenetv3_small_100,42,fp32,0.9653465346534653,0.9487179487179487
mobilenetv3_small_100,42,fp32,0.9900990099009901,0.935
mobilenetv3_small_100,42,int8,0.024752475247524754,1.0
mobilenetv3_small_100,42,int8,0.04950495049504951,0.9
mobilenetv3_small_100,42,int8,0.07425742574257425,0.9333333333333333
mobilenetv3_small_100,42,int8,0.09900990099009901,0.9
mobilenetv3_small_100,42,int8,0.12376237623762376,0.92
mobilenetv3_small_100,42,int8,0.1485148514851485,0.9333333333333333
mobilenetv3_small_100,42,int8,0.17326732673267325,0.9428571428571428
mobilenetv3_small_100,42,int8,0.19801980198019803,0.95
mobilenetv3_small_100,42,int8,0.22277227722772278,0.9333333333333333
mobilenetv3_small_100,42,int8,0.24752475247524752,0.94
mobilenetv3_small_100,42,int8,0.2722772277227723,0.9454545454545454
mobilenetv3_small_100,42,int8,0.297029702970297,0.95
mobilenetv3_small_100,42,int8,0.3217821782178218,0.9538461538461539
mobilenetv3_small_100,42,int8,0.3465346534653465,0.9285714285714286
mobilenetv3_small_100,42,int8,0.3712871287128713,0.92
mobilenetv3_small_100,42,int8,0.39603960396039606,0.925
mobilenetv3_small_100,42,int8,0.4207920792079208,0.9294117647058824
mobilenetv3_small_100,42,int8,0.44554455445544555,0.9222222222222223
mobilenetv3_small_100,42,int8,0.47029702970297027,0.9052631578947369
mobilenetv3_small_100,42,int8,0.49504950495049505,0.89
mobilenetv3_small_100,42,int8,0.5198019801980198,0.8857142857142857
mobilenetv3_small_100,42,int8,0.5445544554455446,0.8818181818181818
mobilenetv3_small_100,42,int8,0.5693069306930693,0.8695652173913043
mobilenetv3_small_100,42,int8,0.594059405940594,0.8666666666666667
mobilenetv3_small_100,42,int8,0.6188118811881188,0.848
mobilenetv3_small_100,42,int8,0.6435643564356436,0.8538461538461538
mobilenetv3_small_100,42,int8,0.6683168316831684,0.8518518518518519
mobilenetv3_small_100,42,int8,0.693069306930693,0.8428571428571429
mobilenetv3_small_100,42,int8,0.7178217821782178,0.8344827586206897
mobilenetv3_small_100,42,int8,0.7425742574257426,0.8333333333333334
mobilenetv3_small_100,42,int8,0.7673267326732673,0.8193548387096774
mobilenetv3_small_100,42,int8,0.7920792079207921,0.8125
mobilenetv3_small_100,42,int8,0.8168316831683168,0.8
mobilenetv3_small_100,42,int8,0.8415841584158416,0.788235294117647
mobilenetv3_small_100,42,int8,0.8663366336633663,0.7885714285714286
mobilenetv3_small_100,42,int8,0.8910891089108911,0.7777777777777778
mobilenetv3_small_100,42,int8,0.9158415841584159,0.7675675675675676
mobilenetv3_small_100,42,int8,0.9405940594059405,0.7684210526315789
mobilenetv3_small_100,42,int8,0.9653465346534653,0.7538461538461538
mobilenetv3_small_100,42,int8,0.9900990099009901,0.745
